Date,Price,Forward EPS,Forward P/E,Growth Rate (%),PEG Ratio
2018-01-02,43.064998626708984,2.96,14.56,,
2018-01-03,43.057498931884766,2.96,14.56,,
2018-01-04,43.25749969482422,2.96,14.63,,
2018-01-05,43.75,2.96,14.79,,
2018-01-08,43.587501525878906,2.96,14.74,,
2018-01-09,43.58250045776367,2.96,14.74,,
2018-01-10,43.5724983215332,2.96,14.73,,
2018-01-11,43.81999969482422,2.96,14.82,,
2018-01-12,44.272499084472656,2.96,14.97,,
2018-01-16,44.04750061035156,2.96,14.89,,
2018-01-17,44.775001525878906,2.96,15.14,,
2018-01-18,44.814998626708984,2.96,15.15,,
2018-01-19,44.6150016784668,2.96,15.09,,
2018-01-22,44.25,2.96,14.96,,
2018-01-23,44.2599983215332,2.96,14.97,,
2018-01-24,43.55500030517578,2.96,14.73,,
2018-01-25,42.77750015258789,2.96,14.46,,
2018-01-26,42.877498626708984,2.96,14.50,,
2018-01-29,41.9900016784668,2.96,14.20,,
2018-01-30,41.74250030517578,2.96,14.11,,
2018-01-31,41.85749816894531,2.96,14.15,,
2018-02-01,41.94499969482422,2.96,14.18,,
2018-02-02,40.125,2.96,13.57,,
2018-02-05,39.122501373291016,2.96,13.23,,
2018-02-06,40.75749969482422,2.96,13.78,,
2018-02-07,39.8849983215332,2.96,13.49,,
2018-02-08,38.787498474121094,2.96,13.11,,
2018-02-09,39.102500915527344,2.96,13.22,,
2018-02-12,40.6775016784668,2.96,13.75,,
2018-02-13,41.084999084472656,2.96,13.89,,
2018-02-14,41.842498779296875,2.96,14.15,,
2018-02-15,43.247501373291016,2.96,14.62,,
2018-02-16,43.10749816894531,2.96,14.58,,
2018-02-20,42.962501525878906,2.96,14.53,,
2018-02-21,42.76750183105469,2.96,14.46,,
2018-02-22,43.125,2.96,14.58,,
2018-02-23,43.875,2.96,14.84,,
2018-02-26,44.74250030517578,2.96,15.13,,
2018-02-27,44.59749984741211,2.96,15.08,,
2018-02-28,44.529998779296875,2.96,15.06,,
2018-03-01,43.75,2.96,14.79,,
2018-03-02,44.0525016784668,2.96,14.90,,
2018-03-05,44.20500183105469,2.96,14.95,,
2018-03-06,44.16749954223633,2.96,14.93,,
2018-03-07,43.75749969482422,2.96,14.80,,
2018-03-08,44.23500061035156,2.96,14.96,,
2018-03-09,44.994998931884766,2.96,15.21,,
2018-03-12,45.43000030517578,2.96,15.36,,
2018-03-13,44.99250030517578,2.96,15.21,,
2018-03-14,44.61000061035156,2.96,15.08,,
2018-03-15,44.662498474121094,2.96,15.10,,
2018-03-16,44.505001068115234,2.96,15.05,,
2018-03-19,43.82500076293945,2.96,14.82,,
2018-03-20,43.810001373291016,2.96,14.81,,
2018-03-21,42.817501068115234,2.96,14.48,,
2018-03-22,42.212501525878906,2.96,14.27,,
2018-03-23,41.23500061035156,2.96,13.94,,
2018-03-26,43.192501068115234,2.96,14.60,,
2018-03-27,42.084999084472656,2.96,14.23,,
2018-03-28,41.619998931884766,2.96,14.07,,
2018-03-29,41.94499969482422,2.96,14.18,,
2018-04-02,41.66999816894531,2.88,14.49,,
2018-04-03,42.09749984741211,2.88,14.64,,
2018-04-04,42.90250015258789,2.88,14.92,,
2018-04-05,43.20000076293945,2.88,15.03,,
2018-04-06,42.095001220703125,2.88,14.64,,
2018-04-09,42.51250076293945,2.88,14.79,,
2018-04-10,43.3125,2.88,15.07,,
2018-04-11,43.11000061035156,2.88,14.99,,
2018-04-12,43.53499984741211,2.88,15.14,,
2018-04-13,43.682498931884766,2.88,15.19,,
2018-04-16,43.95500183105469,2.88,15.29,,
2018-04-17,44.560001373291016,2.88,15.50,,
2018-04-18,44.459999084472656,2.88,15.46,,
2018-04-19,43.20000076293945,2.88,15.03,,
2018-04-20,41.43000030517578,2.88,14.41,,
2018-04-23,41.310001373291016,2.88,14.37,,
2018-04-24,40.73500061035156,2.88,14.17,,
2018-04-25,40.912498474121094,2.88,14.23,,
2018-04-26,41.05500030517578,2.88,14.28,,
2018-04-27,40.58000183105469,2.88,14.11,,
2018-04-30,41.314998626708984,2.88,14.37,,
2018-05-01,42.275001525878906,2.88,14.70,,
2018-05-02,44.14250183105469,2.88,15.35,,
2018-05-03,44.22249984741211,2.88,15.38,,
2018-05-04,45.95750045776367,2.88,15.99,,
2018-05-07,46.290000915527344,2.88,16.10,,
2018-05-08,46.51250076293945,2.88,16.18,,
2018-05-09,46.84000015258789,2.88,16.29,,
2018-05-10,47.5099983215332,2.88,16.53,,
2018-05-11,47.147499084472656,2.88,16.40,,
2018-05-14,47.037498474121094,2.88,16.36,,
2018-05-15,46.61000061035156,2.88,16.21,,
2018-05-16,47.04499816894531,2.88,16.36,,
2018-05-17,46.747501373291016,2.88,16.26,,
2018-05-18,46.57749938964844,2.88,16.20,,
2018-05-21,46.907501220703125,2.88,16.32,,
2018-05-22,46.790000915527344,2.88,16.27,,
2018-05-23,47.09000015258789,2.88,16.38,,
2018-05-24,47.037498474121094,2.88,16.36,,
2018-05-25,47.14500045776367,2.88,16.40,,
2018-05-29,46.974998474121094,2.88,16.34,,
2018-05-30,46.875,2.88,16.30,,
2018-05-31,46.717498779296875,2.88,16.25,,
2018-06-01,47.560001373291016,2.88,16.54,,
2018-06-04,47.95750045776367,2.88,16.68,,
2018-06-05,48.32749938964844,2.88,16.81,,
2018-06-06,48.494998931884766,2.88,16.87,,
2018-06-07,48.3650016784668,2.88,16.82,,
2018-06-08,47.92499923706055,2.88,16.67,,
2018-06-11,47.807498931884766,2.88,16.63,,
2018-06-12,48.06999969482422,2.88,16.72,,
2018-06-13,47.67499923706055,2.88,16.58,,
2018-06-14,47.70000076293945,2.88,16.59,,
2018-06-15,47.209999084472656,2.88,16.42,,
2018-06-18,47.185001373291016,2.88,16.41,,
2018-06-19,46.42250061035156,2.88,16.15,,
2018-06-20,46.625,2.88,16.22,,
2018-06-21,46.3650016784668,2.88,16.13,,
2018-06-22,46.22999954223633,2.88,16.08,,
2018-06-25,45.54249954223633,2.88,15.84,,
2018-06-26,46.10749816894531,2.88,16.04,,
2018-06-27,46.040000915527344,2.88,16.01,,
2018-06-28,46.375,2.88,16.13,,
2018-06-29,46.27750015258789,2.88,16.10,,
2018-07-02,46.79499816894531,2.86,16.36,,
2018-07-03,45.97999954223633,2.86,16.08,,
2018-07-05,46.349998474121094,2.86,16.21,,
2018-07-06,46.99250030517578,2.86,16.43,,
2018-07-09,47.64500045776367,2.86,16.66,,
2018-07-10,47.587501525878906,2.86,16.64,,
2018-07-11,46.970001220703125,2.86,16.42,,
2018-07-12,47.75749969482422,2.86,16.70,,
2018-07-13,47.83250045776367,2.86,16.72,,
2018-07-16,47.727500915527344,2.86,16.69,,
2018-07-17,47.86249923706055,2.86,16.74,,
2018-07-18,47.599998474121094,2.86,16.64,,
2018-07-19,47.970001220703125,2.86,16.77,,
2018-07-20,47.86000061035156,2.86,16.73,,
2018-07-23,47.90250015258789,2.86,16.75,,
2018-07-24,48.25,2.86,16.87,,
2018-07-25,48.70500183105469,2.86,17.03,,
2018-07-26,48.5525016784668,2.86,16.98,,
2018-07-27,47.744998931884766,2.86,16.69,,
2018-07-30,47.477500915527344,2.86,16.60,,
2018-07-31,47.5724983215332,2.86,16.63,,
2018-08-01,50.375,2.86,17.61,,
2018-08-02,51.84749984741211,2.86,18.13,,
2018-08-03,51.997501373291016,2.86,18.18,,
2018-08-06,52.26750183105469,2.86,18.28,,
2018-08-07,51.77750015258789,2.86,18.10,,
2018-08-08,51.8125,2.86,18.12,,
2018-08-09,52.220001220703125,2.86,18.26,,
2018-08-10,51.88249969482422,2.86,18.14,,
2018-08-13,52.217498779296875,2.86,18.26,,
2018-08-14,52.4375,2.86,18.33,,
2018-08-15,52.560001373291016,2.86,18.38,,
2018-08-16,53.33000183105469,2.86,18.65,,
2018-08-17,54.39500045776367,2.86,19.02,,
2018-08-20,53.8650016784668,2.86,18.83,,
2018-08-21,53.7599983215332,2.86,18.80,,
2018-08-22,53.76250076293945,2.86,18.80,,
2018-08-23,53.872501373291016,2.86,18.84,,
2018-08-24,54.040000915527344,2.86,18.90,,
2018-08-27,54.48500061035156,2.86,19.05,,
2018-08-28,54.92499923706055,2.86,19.20,,
2018-08-29,55.744998931884766,2.86,19.49,,
2018-08-30,56.25749969482422,2.86,19.67,,
2018-08-31,56.907501220703125,2.86,19.90,,
2018-09-04,57.09000015258789,2.86,19.96,,
2018-09-05,56.717498779296875,2.86,19.83,,
2018-09-06,55.775001525878906,2.86,19.50,,
2018-09-07,55.32500076293945,2.86,19.34,,
2018-09-10,54.58250045776367,2.86,19.08,,
2018-09-11,55.962501525878906,2.86,19.57,,
2018-09-12,55.26750183105469,2.86,19.32,,
2018-09-13,56.602500915527344,2.86,19.79,,
2018-09-14,55.959999084472656,2.86,19.57,,
2018-09-17,54.470001220703125,2.86,19.05,,
2018-09-18,54.560001373291016,2.86,19.08,,
2018-09-19,54.592498779296875,2.86,19.09,,
2018-09-20,55.00749969482422,2.86,19.23,,
2018-09-21,54.415000915527344,2.86,19.03,,
2018-09-24,55.1974983215332,2.86,19.30,,
2018-09-25,55.54750061035156,2.86,19.42,,
2018-09-26,55.10499954223633,2.86,19.27,,
2018-09-27,56.23749923706055,2.86,19.66,,
2018-09-28,56.435001373291016,2.86,19.73,,
2018-10-01,56.814998626708984,2.87,19.80,,
2018-10-02,57.31999969482422,2.87,19.97,,
2018-10-03,58.01750183105469,2.87,20.22,,
2018-10-04,56.997501373291016,2.87,19.86,,
2018-10-05,56.0724983215332,2.87,19.54,,
2018-10-08,55.942501068115234,2.87,19.49,,
2018-10-09,56.717498779296875,2.87,19.76,,
2018-10-10,54.09000015258789,2.87,18.85,,
2018-10-11,53.61249923706055,2.87,18.68,,
2018-10-12,55.52750015258789,2.87,19.35,,
2018-10-15,54.34000015258789,2.87,18.93,,
2018-10-16,55.537498474121094,2.87,19.35,,
2018-10-17,55.29750061035156,2.87,19.27,,
2018-10-18,54.005001068115234,2.87,18.82,,
2018-10-19,54.82749938964844,2.87,19.10,,
2018-10-22,55.162498474121094,2.87,19.22,,
2018-10-23,55.682498931884766,2.87,19.40,,
2018-10-24,53.772499084472656,2.87,18.74,,
2018-10-25,54.95000076293945,2.87,19.15,,
2018-10-26,54.07500076293945,2.87,18.84,,
2018-10-29,53.060001373291016,2.87,18.49,,
2018-10-30,53.32500076293945,2.87,18.58,,
2018-10-31,54.71500015258789,2.87,19.06,,
2018-11-01,55.55500030517578,2.87,19.36,,
2018-11-02,51.869998931884766,2.87,18.07,,
2018-11-05,50.397499084472656,2.87,17.56,,
2018-11-06,50.942501068115234,2.87,17.75,,
2018-11-07,52.48749923706055,2.87,18.29,,
2018-11-08,52.122501373291016,2.87,18.16,,
2018-11-09,51.11750030517578,2.87,17.81,,
2018-11-12,48.54249954223633,2.87,16.91,,
2018-11-13,48.057498931884766,2.87,16.74,,
2018-11-14,46.70000076293945,2.87,16.27,,
2018-11-15,47.852500915527344,2.87,16.67,,
2018-11-16,48.38249969482422,2.87,16.86,,
2018-11-19,46.46500015258789,2.87,16.19,,
2018-11-20,44.244998931884766,2.87,15.42,,
2018-11-21,44.19499969482422,2.87,15.40,,
2018-11-23,43.0724983215332,2.87,15.01,,
2018-11-26,43.654998779296875,2.87,15.21,,
2018-11-27,43.560001373291016,2.87,15.18,,
2018-11-28,45.23500061035156,2.87,15.76,,
2018-11-29,44.88750076293945,2.87,15.64,,
2018-11-30,44.64500045776367,2.87,15.56,,
2018-12-03,46.20500183105469,2.87,16.10,,
2018-12-04,44.17250061035156,2.87,15.39,,
2018-12-06,43.68000030517578,2.87,15.22,,
2018-12-07,42.122501373291016,2.87,14.68,,
2018-12-10,42.400001525878906,2.87,14.77,,
2018-12-11,42.157501220703125,2.87,14.69,,
2018-12-12,42.275001525878906,2.87,14.73,,
2018-12-13,42.73749923706055,2.87,14.89,,
2018-12-14,41.369998931884766,2.87,14.41,,
2018-12-17,40.98500061035156,2.87,14.28,,
2018-12-18,41.51750183105469,2.87,14.47,,
2018-12-19,40.22249984741211,2.87,14.01,,
2018-12-20,39.20750045776367,2.87,13.66,,
2018-12-21,37.682498931884766,2.87,13.13,,
2018-12-24,36.70750045776367,2.87,12.79,,
2018-12-26,39.29249954223633,2.87,13.69,,
2018-12-27,39.037498474121094,2.87,13.60,,
2018-12-28,39.057498931884766,2.87,13.61,,
2018-12-31,39.435001373291016,2.97,13.28,0.42,31.42
2019-01-02,39.47999954223633,2.97,13.29,0.42,31.45
2019-01-03,35.54750061035156,2.97,11.97,0.42,28.32
2019-01-04,37.064998626708984,2.97,12.48,0.42,29.53
2019-01-07,36.98249816894531,2.97,12.45,0.42,29.46
2019-01-08,37.6875,2.97,12.69,0.42,30.02
2019-01-09,38.32749938964844,2.97,12.90,0.42,30.53
2019-01-10,38.45000076293945,2.97,12.95,0.42,30.63
2019-01-11,38.0724983215332,2.97,12.82,0.42,30.33
2019-01-14,37.5,2.97,12.63,0.42,29.87
2019-01-15,38.26750183105469,2.97,12.88,0.42,30.49
2019-01-16,38.73500061035156,2.97,13.04,0.42,30.86
2019-01-17,38.96500015258789,2.97,13.12,0.42,31.04
2019-01-18,39.20500183105469,2.97,13.20,0.42,31.23
2019-01-22,38.32500076293945,2.97,12.90,0.42,30.53
2019-01-23,38.47999954223633,2.97,12.96,0.42,30.65
2019-01-24,38.17499923706055,2.97,12.85,0.42,30.41
2019-01-25,39.439998626708984,2.97,13.28,0.42,31.42
2019-01-28,39.07500076293945,2.97,13.16,0.42,31.13
2019-01-29,38.66999816894531,2.97,13.02,0.42,30.81
2019-01-30,41.3125,2.97,13.91,0.42,32.91
2019-01-31,41.61000061035156,2.97,14.01,0.42,33.15
2019-02-01,41.630001068115234,2.97,14.02,0.42,33.16
2019-02-04,42.8125,2.97,14.41,0.42,34.11
2019-02-05,43.54499816894531,2.97,14.66,0.42,34.69
2019-02-06,43.560001373291016,2.97,14.67,0.42,34.70
2019-02-07,42.73500061035156,2.97,14.39,0.42,34.04
2019-02-08,42.602500915527344,2.97,14.34,0.42,33.94
2019-02-11,42.35749816894531,2.97,14.26,0.42,33.74
2019-02-12,42.72249984741211,2.97,14.38,0.42,34.03
2019-02-13,42.54499816894531,2.97,14.32,0.42,33.89
2019-02-14,42.70000076293945,2.97,14.38,0.42,34.02
2019-02-15,42.60499954223633,2.97,14.35,0.42,33.94
2019-02-19,42.73249816894531,2.97,14.39,0.42,34.04
2019-02-20,43.00749969482422,2.97,14.48,0.42,34.26
2019-02-21,42.76499938964844,2.97,14.40,0.42,34.07
2019-02-22,43.24250030517578,2.97,14.56,0.42,34.45
2019-02-25,43.557498931884766,2.97,14.67,0.42,34.70
2019-02-26,43.58250045776367,2.97,14.67,0.42,34.72
2019-02-27,43.717498779296875,2.97,14.72,0.42,34.83
2019-02-28,43.287498474121094,2.97,14.57,0.42,34.48
2019-03-01,43.74250030517578,2.97,14.73,0.42,34.85
2019-03-04,43.962501525878906,2.97,14.80,0.42,35.02
2019-03-05,43.88249969482422,2.97,14.78,0.42,34.96
2019-03-06,43.630001068115234,2.97,14.69,0.42,34.76
2019-03-07,43.125,2.97,14.52,0.42,34.35
2019-03-08,43.227500915527344,2.97,14.55,0.42,34.44
2019-03-11,44.724998474121094,2.97,15.06,0.42,35.63
2019-03-12,45.227500915527344,2.97,15.23,0.42,36.03
2019-03-13,45.4275016784668,2.97,15.30,0.42,36.19
2019-03-14,45.932498931884766,2.97,15.47,0.42,36.59
2019-03-15,46.529998779296875,2.97,15.67,0.42,37.07
2019-03-18,47.005001068115234,2.97,15.83,0.42,37.45
2019-03-19,46.63249969482422,2.97,15.70,0.42,37.15
2019-03-20,47.040000915527344,2.97,15.84,0.42,37.47
2019-03-21,48.772499084472656,2.97,16.42,0.42,38.85
2019-03-22,47.76250076293945,2.97,16.08,0.42,38.05
2019-03-25,47.185001373291016,2.97,15.89,0.42,37.59
2019-03-26,46.6974983215332,2.97,15.72,0.42,37.20
2019-03-27,47.11750030517578,2.97,15.86,0.42,37.54
2019-03-28,47.18000030517578,2.97,15.89,0.42,37.59
2019-03-29,47.48749923706055,2.97,15.99,0.42,37.83
2019-04-01,47.810001373291016,2.94,16.26,2.26,7.19
2019-04-02,48.505001068115234,2.94,16.50,2.26,7.30
2019-04-03,48.837501525878906,2.94,16.61,2.26,7.35
2019-04-04,48.92250061035156,2.94,16.64,2.26,7.36
2019-04-05,49.25,2.94,16.75,2.26,7.41
2019-04-08,50.025001525878906,2.94,17.02,2.26,7.53
2019-04-09,49.875,2.94,16.96,2.26,7.50
2019-04-10,50.154998779296875,2.94,17.06,2.26,7.55
2019-04-11,49.73749923706055,2.94,16.92,2.26,7.48
2019-04-12,49.717498779296875,2.94,16.91,2.26,7.48
2019-04-15,49.807498931884766,2.94,16.94,2.26,7.49
2019-04-16,49.8125,2.94,16.94,2.26,7.49
2019-04-17,50.782501220703125,2.94,17.27,2.26,7.64
2019-04-18,50.96500015258789,2.94,17.34,2.26,7.67
2019-04-22,51.13249969482422,2.94,17.39,2.26,7.69
2019-04-23,51.869998931884766,2.94,17.64,2.26,7.80
2019-04-24,51.790000915527344,2.94,17.62,2.26,7.79
2019-04-25,51.31999969482422,2.94,17.46,2.26,7.72
2019-04-26,51.07500076293945,2.94,17.37,2.26,7.68
2019-04-29,51.15250015258789,2.94,17.40,2.26,7.70
2019-04-30,50.16749954223633,2.94,17.06,2.26,7.55
2019-05-01,52.630001068115234,2.94,17.90,2.26,7.92
2019-05-02,52.287498474121094,2.94,17.78,2.26,7.87
2019-05-03,52.9375,2.94,18.01,2.26,7.96
2019-05-06,52.119998931884766,2.94,17.73,2.26,7.84
2019-05-07,50.71500015258789,2.94,17.25,2.26,7.63
2019-05-08,50.724998474121094,2.94,17.25,2.26,7.63
2019-05-09,50.18000030517578,2.94,17.07,2.26,7.55
2019-05-10,49.29499816894531,2.94,16.77,2.26,7.42
2019-05-13,46.43000030517578,2.94,15.79,2.26,6.99
2019-05-14,47.165000915527344,2.94,16.04,2.26,7.10
2019-05-15,47.72999954223633,2.94,16.23,2.26,7.18
2019-05-16,47.52000045776367,2.94,16.16,2.26,7.15
2019-05-17,47.25,2.94,16.07,2.26,7.11
2019-05-20,45.772499084472656,2.94,15.57,2.26,6.89
2019-05-21,46.650001525878906,2.94,15.87,2.26,7.02
2019-05-22,45.69499969482422,2.94,15.54,2.26,6.87
2019-05-23,44.915000915527344,2.94,15.28,2.26,6.76
2019-05-24,44.74250030517578,2.94,15.22,2.26,6.73
2019-05-28,44.557498931884766,2.94,15.16,2.26,6.70
2019-05-29,44.345001220703125,2.94,15.08,2.26,6.67
2019-05-30,44.57500076293945,2.94,15.16,2.26,6.71
2019-05-31,43.76750183105469,2.94,14.89,2.26,6.58
2019-06-03,43.32500076293945,2.94,14.74,2.26,6.52
2019-06-04,44.90999984741211,2.94,15.28,2.26,6.76
2019-06-05,45.6349983215332,2.94,15.52,2.26,6.87
2019-06-06,46.30500030517578,2.94,15.75,2.26,6.97
2019-06-07,47.537498474121094,2.94,16.17,2.26,7.15
2019-06-10,48.14500045776367,2.94,16.38,2.26,7.24
2019-06-11,48.70249938964844,2.94,16.57,2.26,7.33
2019-06-12,48.54750061035156,2.94,16.51,2.26,7.30
2019-06-13,48.537498474121094,2.94,16.51,2.26,7.30
2019-06-14,48.185001373291016,2.94,16.39,2.26,7.25
2019-06-17,48.47249984741211,2.94,16.49,2.26,7.29
2019-06-18,49.61249923706055,2.94,16.87,2.26,7.46
2019-06-19,49.467498779296875,2.94,16.83,2.26,7.44
2019-06-20,49.8650016784668,2.94,16.96,2.26,7.50
2019-06-21,49.69499969482422,2.94,16.90,2.26,7.48
2019-06-24,49.64500045776367,2.94,16.89,2.26,7.47
2019-06-25,48.89250183105469,2.94,16.63,2.26,7.36
2019-06-26,49.95000076293945,2.94,16.99,2.26,7.51
2019-06-27,49.935001373291016,2.94,16.98,2.26,7.51
2019-06-28,49.47999954223633,2.94,16.83,2.26,7.44
2019-07-01,50.38750076293945,2.92,17.26,2.10,8.23
2019-07-02,50.682498931884766,2.92,17.36,2.10,8.27
2019-07-03,51.102500915527344,2.92,17.50,2.10,8.34
2019-07-05,51.057498931884766,2.92,17.49,2.10,8.33
2019-07-08,50.005001068115234,2.92,17.13,2.10,8.16
2019-07-09,50.310001373291016,2.92,17.23,2.10,8.21
2019-07-10,50.807498931884766,2.92,17.40,2.10,8.29
2019-07-11,50.4375,2.92,17.27,2.10,8.23
2019-07-12,50.82500076293945,2.92,17.41,2.10,8.30
2019-07-15,51.3025016784668,2.92,17.57,2.10,8.37
2019-07-16,51.125,2.92,17.51,2.10,8.35
2019-07-17,50.837501525878906,2.92,17.41,2.10,8.30
2019-07-18,51.415000915527344,2.92,17.61,2.10,8.39
2019-07-19,50.647499084472656,2.92,17.35,2.10,8.27
2019-07-22,51.80500030517578,2.92,17.74,2.10,8.46
2019-07-23,52.209999084472656,2.92,17.88,2.10,8.52
2019-07-24,52.16749954223633,2.92,17.87,2.10,8.52
2019-07-25,51.755001068115234,2.92,17.72,2.10,8.45
2019-07-26,51.935001373291016,2.92,17.79,2.10,8.48
2019-07-29,52.41999816894531,2.92,17.95,2.10,8.56
2019-07-30,52.19499969482422,2.92,17.87,2.10,8.52
2019-07-31,53.2599983215332,2.92,18.24,2.10,8.69
2019-08-01,52.10749816894531,2.92,17.85,2.10,8.51
2019-08-02,51.005001068115234,2.92,17.47,2.10,8.33
2019-08-05,48.334999084472656,2.92,16.55,2.10,7.89
2019-08-06,49.25,2.92,16.87,2.10,8.04
2019-08-07,49.7599983215332,2.92,17.04,2.10,8.12
2019-08-08,50.85749816894531,2.92,17.42,2.10,8.30
2019-08-09,50.247501373291016,2.92,17.21,2.10,8.20
2019-08-12,50.119998931884766,2.92,17.16,2.10,8.18
2019-08-13,52.24250030517578,2.92,17.89,2.10,8.53
2019-08-14,50.6875,2.92,17.36,2.10,8.27
2019-08-15,50.435001373291016,2.92,17.27,2.10,8.23
2019-08-16,51.625,2.92,17.68,2.10,8.43
2019-08-19,52.587501525878906,2.92,18.01,2.10,8.58
2019-08-20,52.59000015258789,2.92,18.01,2.10,8.58
2019-08-21,53.15999984741211,2.92,18.21,2.10,8.68
2019-08-22,53.1150016784668,2.92,18.19,2.10,8.67
2019-08-23,50.65999984741211,2.92,17.35,2.10,8.27
2019-08-26,51.622501373291016,2.92,17.68,2.10,8.43
2019-08-27,51.040000915527344,2.92,17.48,2.10,8.33
2019-08-28,51.38249969482422,2.92,17.60,2.10,8.39
2019-08-29,52.252498626708984,2.92,17.89,2.10,8.53
2019-08-30,52.185001373291016,2.92,17.87,2.10,8.52
2019-09-03,51.42499923706055,2.92,17.61,2.10,8.39
2019-09-04,52.29750061035156,2.92,17.91,2.10,8.54
2019-09-05,53.31999969482422,2.92,18.26,2.10,8.70
2019-09-06,53.314998626708984,2.92,18.26,2.10,8.70
2019-09-09,53.54249954223633,2.92,18.34,2.10,8.74
2019-09-10,54.17499923706055,2.92,18.55,2.10,8.84
2019-09-11,55.897499084472656,2.92,19.14,2.10,9.12
2019-09-12,55.772499084472656,2.92,19.10,2.10,9.10
2019-09-13,54.6875,2.92,18.73,2.10,8.93
2019-09-16,54.974998474121094,2.92,18.83,2.10,8.97
2019-09-17,55.17499923706055,2.92,18.90,2.10,9.01
2019-09-18,55.692501068115234,2.92,19.07,2.10,9.09
2019-09-19,55.2400016784668,2.92,18.92,2.10,9.02
2019-09-20,54.432498931884766,2.92,18.64,2.10,8.89
2019-09-23,54.68000030517578,2.92,18.73,2.10,8.93
2019-09-24,54.41999816894531,2.92,18.64,2.10,8.88
2019-09-25,55.25749969482422,2.92,18.92,2.10,9.02
2019-09-26,54.97249984741211,2.92,18.83,2.10,8.97
2019-09-27,54.70500183105469,2.92,18.73,2.10,8.93
2019-09-30,55.99250030517578,2.91,19.24,1.39,13.81
2019-10-01,56.147499084472656,2.91,19.29,1.39,13.84
2019-10-02,54.7400016784668,2.91,18.81,1.39,13.50
2019-10-03,55.20500183105469,2.91,18.97,1.39,13.61
2019-10-04,56.752498626708984,2.91,19.50,1.39,13.99
2019-10-07,56.76499938964844,2.91,19.51,1.39,14.00
2019-10-08,56.099998474121094,2.91,19.28,1.39,13.83
2019-10-09,56.75749969482422,2.91,19.50,1.39,13.99
2019-10-10,57.522499084472656,2.91,19.77,1.39,14.18
2019-10-11,59.0525016784668,2.91,20.29,1.39,14.56
2019-10-14,58.967498779296875,2.91,20.26,1.39,14.54
2019-10-15,58.83000183105469,2.91,20.22,1.39,14.51
2019-10-16,58.592498779296875,2.91,20.13,1.39,14.45
2019-10-17,58.81999969482422,2.91,20.21,1.39,14.50
2019-10-18,59.102500915527344,2.91,20.31,1.39,14.57
2019-10-21,60.127498626708984,2.91,20.66,1.39,14.83
2019-10-22,59.9900016784668,2.91,20.62,1.39,14.79
2019-10-23,60.79499816894531,2.91,20.89,1.39,14.99
2019-10-24,60.89500045776367,2.91,20.93,1.39,15.01
2019-10-25,61.64500045776367,2.91,21.18,1.39,15.20
2019-10-28,62.26250076293945,2.91,21.40,1.39,15.35
2019-10-29,60.8224983215332,2.91,20.90,1.39,15.00
2019-10-30,60.814998626708984,2.91,20.90,1.39,14.99
2019-10-31,62.189998626708984,2.91,21.37,1.39,15.33
2019-11-01,63.95500183105469,2.91,21.98,1.39,15.77
2019-11-04,64.375,2.91,22.12,1.39,15.87
2019-11-05,64.28250122070312,2.91,22.09,1.39,15.85
2019-11-06,64.30999755859375,2.91,22.10,1.39,15.86
2019-11-07,64.85749816894531,2.91,22.29,1.39,15.99
2019-11-08,65.03500366210938,2.91,22.35,1.39,16.04
2019-11-11,65.55000305175781,2.91,22.53,1.39,16.16
2019-11-12,65.48999786376953,2.91,22.51,1.39,16.15
2019-11-13,66.11750030517578,2.91,22.72,1.39,16.30
2019-11-14,65.66000366210938,2.91,22.56,1.39,16.19
2019-11-15,66.44000244140625,2.91,22.83,1.39,16.38
2019-11-18,66.7750015258789,2.91,22.95,1.39,16.46
2019-11-19,66.57250213623047,2.91,22.88,1.39,16.41
2019-11-20,65.79750061035156,2.91,22.61,1.39,16.22
2019-11-21,65.50250244140625,2.91,22.51,1.39,16.15
2019-11-22,65.44499969482422,2.91,22.49,1.39,16.14
2019-11-25,66.59249877929688,2.91,22.88,1.39,16.42
2019-11-26,66.07250213623047,2.91,22.71,1.39,16.29
2019-11-27,66.95999908447266,2.91,23.01,1.39,16.51
2019-11-29,66.8125,2.91,22.96,1.39,16.47
2019-12-02,66.04000091552734,2.91,22.69,1.39,16.28
2019-12-03,64.86250305175781,2.91,22.29,1.39,15.99
2019-12-04,65.43499755859375,2.91,22.49,1.39,16.13
2019-12-05,66.3949966430664,2.91,22.82,1.39,16.37
2019-12-06,67.67749786376953,2.91,23.26,1.39,16.69
2019-12-09,66.7300033569336,2.91,22.93,1.39,16.45
2019-12-10,67.12000274658203,2.91,23.07,1.39,16.55
2019-12-11,67.69249725341797,2.91,23.26,1.39,16.69
2019-12-12,67.86499786376953,2.91,23.32,1.39,16.73
2019-12-13,68.7874984741211,2.91,23.64,1.39,16.96
2019-12-16,69.96499633789062,2.91,24.04,1.39,17.25
2019-12-17,70.10250091552734,2.91,24.09,1.39,17.28
2019-12-18,69.93499755859375,2.91,24.03,1.39,17.24
2019-12-19,70.00499725341797,2.91,24.06,1.39,17.26
2019-12-20,69.86000061035156,2.91,24.01,1.39,17.22
2019-12-23,71,2.91,24.40,1.39,17.51
2019-12-24,71.06749725341797,2.91,24.42,1.39,17.52
2019-12-26,72.47750091552734,2.91,24.91,1.39,17.87
2019-12-27,72.44999694824219,2.91,24.90,1.39,17.86
2019-12-30,72.87999725341797,2.91,25.04,1.39,17.97
2019-12-31,73.4124984741211,3.19,23.01,7.41,3.11
2020-01-02,75.0875015258789,3.19,23.54,7.41,3.18
2020-01-03,74.35749816894531,3.19,23.31,7.41,3.15
2020-01-06,74.94999694824219,3.19,23.50,7.41,3.17
2020-01-07,74.59750366210938,3.19,23.38,7.41,3.16
2020-01-08,75.79750061035156,3.19,23.76,7.41,3.21
2020-01-09,77.40750122070312,3.19,24.27,7.41,3.28
2020-01-10,77.5824966430664,3.19,24.32,7.41,3.28
2020-01-13,79.23999786376953,3.19,24.84,7.41,3.35
2020-01-14,78.16999816894531,3.19,24.50,7.41,3.31
2020-01-15,77.83499908447266,3.19,24.40,7.41,3.29
2020-01-16,78.80999755859375,3.19,24.71,7.41,3.34
2020-01-17,79.68250274658203,3.19,24.98,7.41,3.37
2020-01-21,79.14250183105469,3.19,24.81,7.41,3.35
2020-01-22,79.42500305175781,3.19,24.90,7.41,3.36
2020-01-23,79.80750274658203,3.19,25.02,7.41,3.38
2020-01-24,79.57749938964844,3.19,24.95,7.41,3.37
2020-01-27,77.23750305175781,3.19,24.21,7.41,3.27
2020-01-28,79.42250061035156,3.19,24.90,7.41,3.36
2020-01-29,81.08499908447266,3.19,25.42,7.41,3.43
2020-01-30,80.96749877929688,3.19,25.38,7.41,3.43
2020-01-31,77.37750244140625,3.19,24.26,7.41,3.27
2020-02-03,77.16500091552734,3.19,24.19,7.41,3.27
2020-02-04,79.7125015258789,3.19,24.99,7.41,3.37
2020-02-05,80.36250305175781,3.19,25.19,7.41,3.40
2020-02-06,81.30249786376953,3.19,25.49,7.41,3.44
2020-02-07,80.00749969482422,3.19,25.08,7.41,3.39
2020-02-10,80.38749694824219,3.19,25.20,7.41,3.40
2020-02-11,79.90249633789062,3.19,25.05,7.41,3.38
2020-02-12,81.80000305175781,3.19,25.64,7.41,3.46
2020-02-13,81.21749877929688,3.19,25.46,7.41,3.44
2020-02-14,81.23750305175781,3.19,25.47,7.41,3.44
2020-02-18,79.75,3.19,25.00,7.41,3.37
2020-02-19,80.90499877929688,3.19,25.36,7.41,3.42
2020-02-20,80.07499694824219,3.19,25.10,7.41,3.39
2020-02-21,78.26249694824219,3.19,24.53,7.41,3.31
2020-02-24,74.54499816894531,3.19,23.37,7.41,3.15
2020-02-25,72.0199966430664,3.19,22.58,7.41,3.05
2020-02-26,73.1624984741211,3.19,22.93,7.41,3.10
2020-02-27,68.37999725341797,3.19,21.44,7.41,2.89
2020-02-28,68.33999633789062,3.19,21.42,7.41,2.89
2020-03-02,74.70249938964844,3.19,23.42,7.41,3.16
2020-03-03,72.33000183105469,3.19,22.67,7.41,3.06
2020-03-04,75.68499755859375,3.19,23.73,7.41,3.20
2020-03-05,73.2300033569336,3.19,22.96,7.41,3.10
2020-03-06,72.25749969482422,3.19,22.65,7.41,3.06
2020-03-09,66.5425033569336,3.19,20.86,7.41,2.82
2020-03-10,71.33499908447266,3.19,22.36,7.41,3.02
2020-03-11,68.85749816894531,3.19,21.59,7.41,2.91
2020-03-12,62.057498931884766,3.19,19.45,7.41,2.63
2020-03-13,69.49250030517578,3.19,21.78,7.41,2.94
2020-03-16,60.5525016784668,3.19,18.98,7.41,2.56
2020-03-17,63.21500015258789,3.19,19.82,7.41,2.68
2020-03-18,61.66749954223633,3.19,19.33,7.41,2.61
2020-03-19,61.19499969482422,3.19,19.18,7.41,2.59
2020-03-20,57.310001373291016,3.19,17.97,7.41,2.43
2020-03-23,56.092498779296875,3.19,17.58,7.41,2.37
2020-03-24,61.720001220703125,3.19,19.35,7.41,2.61
2020-03-25,61.380001068115234,3.19,19.24,7.41,2.60
2020-03-26,64.61000061035156,3.19,20.25,7.41,2.73
2020-03-27,61.935001373291016,3.19,19.42,7.41,2.62
2020-03-30,63.70249938964844,3.19,19.97,7.41,2.70
2020-03-31,63.5724983215332,3.61,17.61,22.79,0.77
2020-04-01,60.227500915527344,3.61,16.68,22.79,0.73
2020-04-02,61.23249816894531,3.61,16.96,22.79,0.74
2020-04-03,60.352500915527344,3.61,16.72,22.79,0.73
2020-04-06,65.61750030517578,3.61,18.18,22.79,0.80
2020-04-07,64.85749816894531,3.61,17.97,22.79,0.79
2020-04-08,66.51750183105469,3.61,18.43,22.79,0.81
2020-04-09,66.99749755859375,3.61,18.56,22.79,0.81
2020-04-13,68.3125,3.61,18.92,22.79,0.83
2020-04-14,71.76249694824219,3.61,19.88,22.79,0.87
2020-04-15,71.10749816894531,3.61,19.70,22.79,0.86
2020-04-16,71.67250061035156,3.61,19.85,22.79,0.87
2020-04-17,70.69999694824219,3.61,19.58,22.79,0.86
2020-04-20,69.23249816894531,3.61,19.18,22.79,0.84
2020-04-21,67.09249877929688,3.61,18.59,22.79,0.82
2020-04-22,69.0250015258789,3.61,19.12,22.79,0.84
2020-04-23,68.75749969482422,3.61,19.05,22.79,0.84
2020-04-24,70.74250030517578,3.61,19.60,22.79,0.86
2020-04-27,70.7925033569336,3.61,19.61,22.79,0.86
2020-04-28,69.6449966430664,3.61,19.29,22.79,0.85
2020-04-29,71.93250274658203,3.61,19.93,22.79,0.87
2020-04-30,73.44999694824219,3.61,20.35,22.79,0.89
2020-05-01,72.26750183105469,3.61,20.02,22.79,0.88
2020-05-04,73.29000091552734,3.61,20.30,22.79,0.89
2020-05-05,74.38999938964844,3.61,20.61,22.79,0.90
2020-05-06,75.15750122070312,3.61,20.82,22.79,0.91
2020-05-07,75.93499755859375,3.61,21.03,22.79,0.92
2020-05-08,77.53250122070312,3.61,21.48,22.79,0.94
2020-05-11,78.75250244140625,3.61,21.82,22.79,0.96
2020-05-12,77.85250091552734,3.61,21.57,22.79,0.95
2020-05-13,76.9124984741211,3.61,21.31,22.79,0.93
2020-05-14,77.38500213623047,3.61,21.44,22.79,0.94
2020-05-15,76.92749786376953,3.61,21.31,22.79,0.94
2020-05-18,78.73999786376953,3.61,21.81,22.79,0.96
2020-05-19,78.28500366210938,3.61,21.69,22.79,0.95
2020-05-20,79.80750274658203,3.61,22.11,22.79,0.97
2020-05-21,79.2125015258789,3.61,21.94,22.79,0.96
2020-05-22,79.72250366210938,3.61,22.08,22.79,0.97
2020-05-26,79.18250274658203,3.61,21.93,22.79,0.96
2020-05-27,79.52749633789062,3.61,22.03,22.79,0.97
2020-05-28,79.5625,3.61,22.04,22.79,0.97
2020-05-29,79.48500061035156,3.61,22.02,22.79,0.97
2020-06-01,80.4625015258789,3.61,22.29,22.79,0.98
2020-06-02,80.83499908447266,3.61,22.39,22.79,0.98
2020-06-03,81.27999877929688,3.61,22.52,22.79,0.99
2020-06-04,80.58000183105469,3.61,22.32,22.79,0.98
2020-06-05,82.875,3.61,22.96,22.79,1.01
2020-06-08,83.36499786376953,3.61,23.09,22.79,1.01
2020-06-09,85.99749755859375,3.61,23.82,22.79,1.05
2020-06-10,88.20999908447266,3.61,24.43,22.79,1.07
2020-06-11,83.9749984741211,3.61,23.26,22.79,1.02
2020-06-12,84.69999694824219,3.61,23.46,22.79,1.03
2020-06-15,85.74749755859375,3.61,23.75,22.79,1.04
2020-06-16,88.0199966430664,3.61,24.38,22.79,1.07
2020-06-17,87.89749908447266,3.61,24.35,22.79,1.07
2020-06-18,87.93250274658203,3.61,24.36,22.79,1.07
2020-06-19,87.43000030517578,3.61,24.22,22.79,1.06
2020-06-22,89.71749877929688,3.61,24.85,22.79,1.09
2020-06-23,91.63249969482422,3.61,25.38,22.79,1.11
2020-06-24,90.01499938964844,3.61,24.93,22.79,1.09
2020-06-25,91.20999908447266,3.61,25.27,22.79,1.11
2020-06-26,88.40750122070312,3.61,24.49,22.79,1.07
2020-06-29,90.44499969482422,3.61,25.05,22.79,1.10
2020-06-30,91.19999694824219,4.11,22.19,40.75,0.54
2020-07-01,91.02749633789062,4.11,22.15,40.75,0.54
2020-07-02,91.02749633789062,4.11,22.15,40.75,0.54
2020-07-06,93.4625015258789,4.11,22.74,40.75,0.56
2020-07-07,93.17250061035156,4.11,22.67,40.75,0.56
2020-07-08,95.34249877929688,4.11,23.20,40.75,0.57
2020-07-09,95.75250244140625,4.11,23.30,40.75,0.57
2020-07-10,95.91999816894531,4.11,23.34,40.75,0.57
2020-07-13,95.47750091552734,4.11,23.23,40.75,0.57
2020-07-14,97.05750274658203,4.11,23.61,40.75,0.58
2020-07-15,97.7249984741211,4.11,23.78,40.75,0.58
2020-07-16,96.52249908447266,4.11,23.48,40.75,0.58
2020-07-17,96.32749938964844,4.11,23.44,40.75,0.58
2020-07-20,98.35749816894531,4.11,23.93,40.75,0.59
2020-07-21,97,4.11,23.60,40.75,0.58
2020-07-22,97.27249908447266,4.11,23.67,40.75,0.58
2020-07-23,92.84500122070312,4.11,22.59,40.75,0.55
2020-07-24,92.61499786376953,4.11,22.53,40.75,0.55
2020-07-27,94.80999755859375,4.11,23.07,40.75,0.57
2020-07-28,93.25250244140625,4.11,22.69,40.75,0.56
2020-07-29,95.04000091552734,4.11,23.12,40.75,0.57
2020-07-30,96.19000244140625,4.11,23.40,40.75,0.57
2020-07-31,106.26000213623047,4.11,25.85,40.75,0.63
2020-08-03,108.9375,4.11,26.51,40.75,0.65
2020-08-04,109.66500091552734,4.11,26.68,40.75,0.65
2020-08-05,110.0625,4.11,26.78,40.75,0.66
2020-08-06,113.90249633789062,4.11,27.71,40.75,0.68
2020-08-07,111.11250305175781,4.11,27.03,40.75,0.66
2020-08-10,112.72750091552734,4.11,27.43,40.75,0.67
2020-08-11,109.375,4.11,26.61,40.75,0.65
2020-08-12,113.01000213623047,4.11,27.50,40.75,0.67
2020-08-13,115.01000213623047,4.11,27.98,40.75,0.69
2020-08-14,114.90750122070312,4.11,27.96,40.75,0.69
2020-08-17,114.60749816894531,4.11,27.89,40.75,0.68
2020-08-18,115.5625,4.11,28.12,40.75,0.69
2020-08-19,115.7074966430664,4.11,28.15,40.75,0.69
2020-08-20,118.2750015258789,4.11,28.78,40.75,0.71
2020-08-21,124.37000274658203,4.11,30.26,40.75,0.74
2020-08-24,125.85749816894531,4.11,30.62,40.75,0.75
2020-08-25,124.82499694824219,4.11,30.37,40.75,0.75
2020-08-26,126.52249908447266,4.11,30.78,40.75,0.76
2020-08-27,125.01000213623047,4.11,30.42,40.75,0.75
2020-08-28,124.80750274658203,4.11,30.37,40.75,0.75
2020-08-31,129.0399932861328,4.11,31.40,40.75,0.77
2020-09-01,134.17999267578125,4.11,32.65,40.75,0.80
2020-09-02,131.39999389648438,4.11,31.97,40.75,0.78
2020-09-03,120.87999725341797,4.11,29.41,40.75,0.72
2020-09-04,120.95999908447266,4.11,29.43,40.75,0.72
2020-09-08,112.81999969482422,4.11,27.45,40.75,0.67
2020-09-09,117.31999969482422,4.11,28.55,40.75,0.70
2020-09-10,113.48999786376953,4.11,27.61,40.75,0.68
2020-09-11,112,4.11,27.25,40.75,0.67
2020-09-14,115.36000061035156,4.11,28.07,40.75,0.69
2020-09-15,115.54000091552734,4.11,28.11,40.75,0.69
2020-09-16,112.12999725341797,4.11,27.28,40.75,0.67
2020-09-17,110.33999633789062,4.11,26.85,40.75,0.66
2020-09-18,106.83999633789062,4.11,26.00,40.75,0.64
2020-09-21,110.08000183105469,4.11,26.78,40.75,0.66
2020-09-22,111.80999755859375,4.11,27.20,40.75,0.67
2020-09-23,107.12000274658203,4.11,26.06,40.75,0.64
2020-09-24,108.22000122070312,4.11,26.33,40.75,0.65
2020-09-25,112.27999877929688,4.11,27.32,40.75,0.67
2020-09-28,114.95999908447266,4.11,27.97,40.75,0.69
2020-09-29,114.08999633789062,4.11,27.76,40.75,0.68
2020-09-30,115.80999755859375,4.65,24.91,59.79,0.42
2020-10-01,116.79000091552734,4.65,25.12,59.79,0.42
2020-10-02,113.0199966430664,4.65,24.31,59.79,0.41
2020-10-05,116.5,4.65,25.05,59.79,0.42
2020-10-06,113.16000366210938,4.65,24.34,59.79,0.41
2020-10-07,115.08000183105469,4.65,24.75,59.79,0.41
2020-10-08,114.97000122070312,4.65,24.72,59.79,0.41
2020-10-09,116.97000122070312,4.65,25.15,59.79,0.42
2020-10-12,124.4000015258789,4.65,26.75,59.79,0.45
2020-10-13,121.0999984741211,4.65,26.04,59.79,0.44
2020-10-14,121.19000244140625,4.65,26.06,59.79,0.44
2020-10-15,120.70999908447266,4.65,25.96,59.79,0.43
2020-10-16,119.0199966430664,4.65,25.60,59.79,0.43
2020-10-19,115.9800033569336,4.65,24.94,59.79,0.42
2020-10-20,117.51000213623047,4.65,25.27,59.79,0.42
2020-10-21,116.87000274658203,4.65,25.13,59.79,0.42
2020-10-22,115.75,4.65,24.89,59.79,0.42
2020-10-23,115.04000091552734,4.65,24.74,59.79,0.41
2020-10-26,115.05000305175781,4.65,24.74,59.79,0.41
2020-10-27,116.5999984741211,4.65,25.08,59.79,0.42
2020-10-28,111.19999694824219,4.65,23.91,59.79,0.40
2020-10-29,115.31999969482422,4.65,24.80,59.79,0.41
2020-10-30,108.86000061035156,4.65,23.41,59.79,0.39
2020-11-02,108.7699966430664,4.65,23.39,59.79,0.39
2020-11-03,110.44000244140625,4.65,23.75,59.79,0.40
2020-11-04,114.94999694824219,4.65,24.72,59.79,0.41
2020-11-05,119.02999877929688,4.65,25.60,59.79,0.43
2020-11-06,118.69000244140625,4.65,25.52,59.79,0.43
2020-11-09,116.31999969482422,4.65,25.02,59.79,0.42
2020-11-10,115.97000122070312,4.65,24.94,59.79,0.42
2020-11-11,119.48999786376953,4.65,25.70,59.79,0.43
2020-11-12,119.20999908447266,4.65,25.64,59.79,0.43
2020-11-13,119.26000213623047,4.65,25.65,59.79,0.43
2020-11-16,120.30000305175781,4.65,25.87,59.79,0.43
2020-11-17,119.38999938964844,4.65,25.68,59.79,0.43
2020-11-18,118.02999877929688,4.65,25.38,59.79,0.42
2020-11-19,118.63999938964844,4.65,25.51,59.79,0.43
2020-11-20,117.33999633789062,4.65,25.23,59.79,0.42
2020-11-23,113.8499984741211,4.65,24.48,59.79,0.41
2020-11-24,115.16999816894531,4.65,24.77,59.79,0.41
2020-11-25,116.02999877929688,4.65,24.95,59.79,0.42
2020-11-27,116.58999633789062,4.65,25.07,59.79,0.42
2020-11-30,119.05000305175781,4.65,25.60,59.79,0.43
2020-12-01,122.72000122070312,4.65,26.39,59.79,0.44
2020-12-02,123.08000183105469,4.65,26.47,59.79,0.44
2020-12-03,122.94000244140625,4.65,26.44,59.79,0.44
2020-12-04,122.25,4.65,26.29,59.79,0.44
2020-12-07,123.75,4.65,26.61,59.79,0.45
2020-12-08,124.37999725341797,4.65,26.75,59.79,0.45
2020-12-09,121.77999877929688,4.65,26.19,59.79,0.44
2020-12-10,123.23999786376953,4.65,26.50,59.79,0.44
2020-12-11,122.41000366210938,4.65,26.32,59.79,0.44
2020-12-14,121.77999877929688,4.65,26.19,59.79,0.44
2020-12-15,127.87999725341797,4.65,27.50,59.79,0.46
2020-12-16,127.80999755859375,4.65,27.49,59.79,0.46
2020-12-17,128.6999969482422,4.65,27.68,59.79,0.46
2020-12-18,126.66000366210938,4.65,27.24,59.79,0.46
2020-12-21,128.22999572753906,4.65,27.58,59.79,0.46
2020-12-22,131.8800048828125,4.65,28.36,59.79,0.47
2020-12-23,130.9600067138672,4.65,28.16,59.79,0.47
2020-12-24,131.97000122070312,4.65,28.38,59.79,0.47
2020-12-28,136.69000244140625,4.65,29.40,59.79,0.49
2020-12-29,134.8699951171875,4.65,29.00,59.79,0.49
2020-12-30,133.72000122070312,4.65,28.76,59.79,0.48
2020-12-31,132.69000244140625,5.12,25.92,60.50,0.43
2021-01-04,129.41000366210938,5.12,25.28,60.50,0.42
2021-01-05,131.00999450683594,5.12,25.59,60.50,0.42
2021-01-06,126.5999984741211,5.12,24.73,60.50,0.41
2021-01-07,130.9199981689453,5.12,25.57,60.50,0.42
2021-01-08,132.0500030517578,5.12,25.79,60.50,0.43
2021-01-11,128.97999572753906,5.12,25.19,60.50,0.42
2021-01-12,128.8000030517578,5.12,25.16,60.50,0.42
2021-01-13,130.88999938964844,5.12,25.56,60.50,0.42
2021-01-14,128.91000366210938,5.12,25.18,60.50,0.42
2021-01-15,127.13999938964844,5.12,24.83,60.50,0.41
2021-01-19,127.83000183105469,5.12,24.97,60.50,0.41
2021-01-20,132.02999877929688,5.12,25.79,60.50,0.43
2021-01-21,136.8699951171875,5.12,26.73,60.50,0.44
2021-01-22,139.07000732421875,5.12,27.16,60.50,0.45
2021-01-25,142.9199981689453,5.12,27.91,60.50,0.46
2021-01-26,143.16000366210938,5.12,27.96,60.50,0.46
2021-01-27,142.05999755859375,5.12,27.75,60.50,0.46
2021-01-28,137.08999633789062,5.12,26.78,60.50,0.44
2021-01-29,131.9600067138672,5.12,25.77,60.50,0.43
2021-02-01,134.13999938964844,5.12,26.20,60.50,0.43
2021-02-02,134.99000549316406,5.12,26.37,60.50,0.44
2021-02-03,133.94000244140625,5.12,26.16,60.50,0.43
2021-02-04,137.38999938964844,5.12,26.83,60.50,0.44
2021-02-05,136.75999450683594,5.12,26.71,60.50,0.44
2021-02-08,136.91000366210938,5.12,26.74,60.50,0.44
2021-02-09,136.00999450683594,5.12,26.56,60.50,0.44
2021-02-10,135.38999938964844,5.12,26.44,60.50,0.44
2021-02-11,135.1300048828125,5.12,26.39,60.50,0.44
2021-02-12,135.3699951171875,5.12,26.44,60.50,0.44
2021-02-16,133.19000244140625,5.12,26.01,60.50,0.43
2021-02-17,130.83999633789062,5.12,25.55,60.50,0.42
2021-02-18,129.7100067138672,5.12,25.33,60.50,0.42
2021-02-19,129.8699951171875,5.12,25.37,60.50,0.42
2021-02-22,126,5.12,24.61,60.50,0.41
2021-02-23,125.86000061035156,5.12,24.58,60.50,0.41
2021-02-24,125.3499984741211,5.12,24.48,60.50,0.40
2021-02-25,120.98999786376953,5.12,23.63,60.50,0.39
2021-02-26,121.26000213623047,5.12,23.68,60.50,0.39
2021-03-01,127.79000091552734,5.12,24.96,60.50,0.41
2021-03-02,125.12000274658203,5.12,24.44,60.50,0.40
2021-03-03,122.05999755859375,5.12,23.84,60.50,0.39
2021-03-04,120.12999725341797,5.12,23.46,60.50,0.39
2021-03-05,121.41999816894531,5.12,23.71,60.50,0.39
2021-03-08,116.36000061035156,5.12,22.73,60.50,0.38
2021-03-09,121.08999633789062,5.12,23.65,60.50,0.39
2021-03-10,119.9800033569336,5.12,23.43,60.50,0.39
2021-03-11,121.95999908447266,5.12,23.82,60.50,0.39
2021-03-12,121.02999877929688,5.12,23.64,60.50,0.39
2021-03-15,123.98999786376953,5.12,24.22,60.50,0.40
2021-03-16,125.56999969482422,5.12,24.53,60.50,0.41
2021-03-17,124.76000213623047,5.12,24.37,60.50,0.40
2021-03-18,120.52999877929688,5.12,23.54,60.50,0.39
2021-03-19,119.98999786376953,5.12,23.44,60.50,0.39
2021-03-22,123.38999938964844,5.12,24.10,60.50,0.40
2021-03-23,122.54000091552734,5.12,23.93,60.50,0.40
2021-03-24,120.08999633789062,5.12,23.46,60.50,0.39
2021-03-25,120.58999633789062,5.12,23.55,60.50,0.39
2021-03-26,121.20999908447266,5.12,23.67,60.50,0.39
2021-03-29,121.38999938964844,5.12,23.71,60.50,0.39
2021-03-30,119.9000015258789,5.12,23.42,60.50,0.39
2021-03-31,122.1500015258789,5.57,21.93,54.29,0.40
2021-04-01,123,5.57,22.08,54.29,0.41
2021-04-05,125.9000015258789,5.57,22.60,54.29,0.42
2021-04-06,126.20999908447266,5.57,22.66,54.29,0.42
2021-04-07,127.9000015258789,5.57,22.96,54.29,0.42
2021-04-08,130.36000061035156,5.57,23.40,54.29,0.43
2021-04-09,133,5.57,23.88,54.29,0.44
2021-04-12,131.24000549316406,5.57,23.56,54.29,0.43
2021-04-13,134.42999267578125,5.57,24.13,54.29,0.44
2021-04-14,132.02999877929688,5.57,23.70,54.29,0.44
2021-04-15,134.5,5.57,24.15,54.29,0.44
2021-04-16,134.16000366210938,5.57,24.09,54.29,0.44
2021-04-19,134.83999633789062,5.57,24.21,54.29,0.45
2021-04-20,133.11000061035156,5.57,23.90,54.29,0.44
2021-04-21,133.5,5.57,23.97,54.29,0.44
2021-04-22,131.94000244140625,5.57,23.69,54.29,0.44
2021-04-23,134.32000732421875,5.57,24.11,54.29,0.44
2021-04-26,134.72000122070312,5.57,24.19,54.29,0.45
2021-04-27,134.38999938964844,5.57,24.13,54.29,0.44
2021-04-28,133.5800018310547,5.57,23.98,54.29,0.44
2021-04-29,133.47999572753906,5.57,23.96,54.29,0.44
2021-04-30,131.4600067138672,5.57,23.60,54.29,0.43
2021-05-03,132.5399932861328,5.57,23.80,54.29,0.44
2021-05-04,127.8499984741211,5.57,22.95,54.29,0.42
2021-05-05,128.10000610351562,5.57,23.00,54.29,0.42
2021-05-06,129.74000549316406,5.57,23.29,54.29,0.43
2021-05-07,130.2100067138672,5.57,23.38,54.29,0.43
2021-05-10,126.8499984741211,5.57,22.77,54.29,0.42
2021-05-11,125.91000366210938,5.57,22.61,54.29,0.42
2021-05-12,122.7699966430664,5.57,22.04,54.29,0.41
2021-05-13,124.97000122070312,5.57,22.44,54.29,0.41
2021-05-14,127.44999694824219,5.57,22.88,54.29,0.42
2021-05-17,126.2699966430664,5.57,22.67,54.29,0.42
2021-05-18,124.8499984741211,5.57,22.41,54.29,0.41
2021-05-19,124.69000244140625,5.57,22.39,54.29,0.41
2021-05-20,127.30999755859375,5.57,22.86,54.29,0.42
2021-05-21,125.43000030517578,5.57,22.52,54.29,0.41
2021-05-24,127.0999984741211,5.57,22.82,54.29,0.42
2021-05-25,126.9000015258789,5.57,22.78,54.29,0.42
2021-05-26,126.8499984741211,5.57,22.77,54.29,0.42
2021-05-27,125.27999877929688,5.57,22.49,54.29,0.41
2021-05-28,124.61000061035156,5.57,22.37,54.29,0.41
2021-06-01,124.27999877929688,5.57,22.31,54.29,0.41
2021-06-02,125.05999755859375,5.57,22.45,54.29,0.41
2021-06-03,123.54000091552734,5.57,22.18,54.29,0.41
2021-06-04,125.88999938964844,5.57,22.60,54.29,0.42
2021-06-07,125.9000015258789,5.57,22.60,54.29,0.42
2021-06-08,126.73999786376953,5.57,22.75,54.29,0.42
2021-06-09,127.12999725341797,5.57,22.82,54.29,0.42
2021-06-10,126.11000061035156,5.57,22.64,54.29,0.42
2021-06-11,127.3499984741211,5.57,22.86,54.29,0.42
2021-06-14,130.47999572753906,5.57,23.43,54.29,0.43
2021-06-15,129.63999938964844,5.57,23.27,54.29,0.43
2021-06-16,130.14999389648438,5.57,23.37,54.29,0.43
2021-06-17,131.7899932861328,5.57,23.66,54.29,0.44
2021-06-18,130.4600067138672,5.57,23.42,54.29,0.43
2021-06-21,132.3000030517578,5.57,23.75,54.29,0.44
2021-06-22,133.97999572753906,5.57,24.05,54.29,0.44
2021-06-23,133.6999969482422,5.57,24.00,54.29,0.44
2021-06-24,133.41000366210938,5.57,23.95,54.29,0.44
2021-06-25,133.11000061035156,5.57,23.90,54.29,0.44
2021-06-28,134.77999877929688,5.57,24.20,54.29,0.45
2021-06-29,136.3300018310547,5.57,24.48,54.29,0.45
2021-06-30,136.9600067138672,5.71,23.99,38.93,0.62
2021-07-01,137.27000427246094,5.71,24.04,38.93,0.62
2021-07-02,139.9600067138672,5.71,24.51,38.93,0.63
2021-07-06,142.02000427246094,5.71,24.87,38.93,0.64
2021-07-07,144.57000732421875,5.71,25.32,38.93,0.65
2021-07-08,143.24000549316406,5.71,25.09,38.93,0.64
2021-07-09,145.11000061035156,5.71,25.41,38.93,0.65
2021-07-12,144.5,5.71,25.31,38.93,0.65
2021-07-13,145.63999938964844,5.71,25.51,38.93,0.66
2021-07-14,149.14999389648438,5.71,26.12,38.93,0.67
2021-07-15,148.47999572753906,5.71,26.00,38.93,0.67
2021-07-16,146.38999938964844,5.71,25.64,38.93,0.66
2021-07-19,142.4499969482422,5.71,24.95,38.93,0.64
2021-07-20,146.14999389648438,5.71,25.60,38.93,0.66
2021-07-21,145.39999389648438,5.71,25.46,38.93,0.65
2021-07-22,146.8000030517578,5.71,25.71,38.93,0.66
2021-07-23,148.55999755859375,5.71,26.02,38.93,0.67
2021-07-26,148.99000549316406,5.71,26.09,38.93,0.67
2021-07-27,146.77000427246094,5.71,25.70,38.93,0.66
2021-07-28,144.97999572753906,5.71,25.39,38.93,0.65
2021-07-29,145.63999938964844,5.71,25.51,38.93,0.66
2021-07-30,145.86000061035156,5.71,25.54,38.93,0.66
2021-08-02,145.52000427246094,5.71,25.49,38.93,0.65
2021-08-03,147.36000061035156,5.71,25.81,38.93,0.66
2021-08-04,146.9499969482422,5.71,25.74,38.93,0.66
2021-08-05,147.05999755859375,5.71,25.75,38.93,0.66
2021-08-06,146.13999938964844,5.71,25.59,38.93,0.66
2021-08-09,146.08999633789062,5.71,25.58,38.93,0.66
2021-08-10,145.60000610351562,5.71,25.50,38.93,0.66
2021-08-11,145.86000061035156,5.71,25.54,38.93,0.66
2021-08-12,148.88999938964844,5.71,26.08,38.93,0.67
2021-08-13,149.10000610351562,5.71,26.11,38.93,0.67
2021-08-16,151.1199951171875,5.71,26.47,38.93,0.68
2021-08-17,150.19000244140625,5.71,26.30,38.93,0.68
2021-08-18,146.36000061035156,5.71,25.63,38.93,0.66
2021-08-19,146.6999969482422,5.71,25.69,38.93,0.66
2021-08-20,148.19000244140625,5.71,25.95,38.93,0.67
2021-08-23,149.7100067138672,5.71,26.22,38.93,0.67
2021-08-24,149.6199951171875,5.71,26.20,38.93,0.67
2021-08-25,148.36000061035156,5.71,25.98,38.93,0.67
2021-08-26,147.5399932861328,5.71,25.84,38.93,0.66
2021-08-27,148.60000610351562,5.71,26.02,38.93,0.67
2021-08-30,153.1199951171875,5.71,26.82,38.93,0.69
2021-08-31,151.8300018310547,5.71,26.59,38.93,0.68
2021-09-01,152.50999450683594,5.71,26.71,38.93,0.69
2021-09-02,153.64999389648438,5.71,26.91,38.93,0.69
2021-09-03,154.3000030517578,5.71,27.02,38.93,0.69
2021-09-07,156.69000244140625,5.71,27.44,38.93,0.70
2021-09-08,155.11000061035156,5.71,27.16,38.93,0.70
2021-09-09,154.07000732421875,5.71,26.98,38.93,0.69
2021-09-10,148.97000122070312,5.71,26.09,38.93,0.67
2021-09-13,149.5500030517578,5.71,26.19,38.93,0.67
2021-09-14,148.1199951171875,5.71,25.94,38.93,0.67
2021-09-15,149.02999877929688,5.71,26.10,38.93,0.67
2021-09-16,148.7899932861328,5.71,26.06,38.93,0.67
2021-09-17,146.05999755859375,5.71,25.58,38.93,0.66
2021-09-20,142.94000244140625,5.71,25.03,38.93,0.64
2021-09-21,143.42999267578125,5.71,25.12,38.93,0.65
2021-09-22,145.85000610351562,5.71,25.54,38.93,0.66
2021-09-23,146.8300018310547,5.71,25.71,38.93,0.66
2021-09-24,146.9199981689453,5.71,25.73,38.93,0.66
2021-09-27,145.3699951171875,5.71,25.46,38.93,0.65
2021-09-28,141.91000366210938,5.71,24.85,38.93,0.64
2021-09-29,142.8300018310547,5.71,25.01,38.93,0.64
2021-09-30,141.5,5.74,24.65,23.44,1.05
2021-10-01,142.64999389648438,5.74,24.85,23.44,1.06
2021-10-04,139.13999938964844,5.74,24.24,23.44,1.03
2021-10-05,141.11000061035156,5.74,24.58,23.44,1.05
2021-10-06,142,5.74,24.74,23.44,1.06
2021-10-07,143.2899932861328,5.74,24.96,23.44,1.06
2021-10-08,142.89999389648438,5.74,24.90,23.44,1.06
2021-10-11,142.80999755859375,5.74,24.88,23.44,1.06
2021-10-12,141.50999450683594,5.74,24.65,23.44,1.05
2021-10-13,140.91000366210938,5.74,24.55,23.44,1.05
2021-10-14,143.75999450683594,5.74,25.05,23.44,1.07
2021-10-15,144.83999633789062,5.74,25.23,23.44,1.08
2021-10-18,146.5500030517578,5.74,25.53,23.44,1.09
2021-10-19,148.75999450683594,5.74,25.92,23.44,1.11
2021-10-20,149.25999450683594,5.74,26.00,23.44,1.11
2021-10-21,149.47999572753906,5.74,26.04,23.44,1.11
2021-10-22,148.69000244140625,5.74,25.90,23.44,1.11
2021-10-25,148.63999938964844,5.74,25.90,23.44,1.10
2021-10-26,149.32000732421875,5.74,26.01,23.44,1.11
2021-10-27,148.85000610351562,5.74,25.93,23.44,1.11
2021-10-28,152.57000732421875,5.74,26.58,23.44,1.13
2021-10-29,149.8000030517578,5.74,26.10,23.44,1.11
2021-11-01,148.9600067138672,5.74,25.95,23.44,1.11
2021-11-02,150.02000427246094,5.74,26.14,23.44,1.11
2021-11-03,151.49000549316406,5.74,26.39,23.44,1.13
2021-11-04,150.9600067138672,5.74,26.30,23.44,1.12
2021-11-05,151.27999877929688,5.74,26.36,23.44,1.12
2021-11-08,150.44000244140625,5.74,26.21,23.44,1.12
2021-11-09,150.80999755859375,5.74,26.27,23.44,1.12
2021-11-10,147.9199981689453,5.74,25.77,23.44,1.10
2021-11-11,147.8699951171875,5.74,25.76,23.44,1.10
2021-11-12,149.99000549316406,5.74,26.13,23.44,1.11
2021-11-15,150,5.74,26.13,23.44,1.11
2021-11-16,151,5.74,26.31,23.44,1.12
2021-11-17,153.49000549316406,5.74,26.74,23.44,1.14
2021-11-18,157.8699951171875,5.74,27.50,23.44,1.17
2021-11-19,160.5500030517578,5.74,27.97,23.44,1.19
2021-11-22,161.02000427246094,5.74,28.05,23.44,1.20
2021-11-23,161.41000366210938,5.74,28.12,23.44,1.20
2021-11-24,161.94000244140625,5.74,28.21,23.44,1.20
2021-11-26,156.80999755859375,5.74,27.32,23.44,1.17
2021-11-29,160.24000549316406,5.74,27.92,23.44,1.19
2021-11-30,165.3000030517578,5.74,28.80,23.44,1.23
2021-12-01,164.77000427246094,5.74,28.71,23.44,1.22
2021-12-02,163.75999450683594,5.74,28.53,23.44,1.22
2021-12-03,161.83999633789062,5.74,28.20,23.44,1.20
2021-12-06,165.32000732421875,5.74,28.80,23.44,1.23
2021-12-07,171.17999267578125,5.74,29.82,23.44,1.27
2021-12-08,175.0800018310547,5.74,30.50,23.44,1.30
2021-12-09,174.55999755859375,5.74,30.41,23.44,1.30
2021-12-10,179.4499969482422,5.74,31.26,23.44,1.33
2021-12-13,175.74000549316406,5.74,30.62,23.44,1.31
2021-12-14,174.3300018310547,5.74,30.37,23.44,1.30
2021-12-15,179.3000030517578,5.74,31.24,23.44,1.33
2021-12-16,172.25999450683594,5.74,30.01,23.44,1.28
2021-12-17,171.13999938964844,5.74,29.82,23.44,1.27
2021-12-20,169.75,5.74,29.57,23.44,1.26
2021-12-21,172.99000549316406,5.74,30.14,23.44,1.29
2021-12-22,175.63999938964844,5.74,30.60,23.44,1.31
2021-12-23,176.27999877929688,5.74,30.71,23.44,1.31
2021-12-27,180.3300018310547,5.74,31.42,23.44,1.34
2021-12-28,179.2899932861328,5.74,31.24,23.44,1.33
2021-12-29,179.3800048828125,5.74,31.25,23.44,1.33
2021-12-30,178.1999969482422,5.74,31.05,23.44,1.32
2021-12-31,177.57000732421875,5.80,30.62,13.28,2.31
2022-01-03,182.00999450683594,5.80,31.38,13.28,2.36
2022-01-04,179.6999969482422,5.80,30.98,13.28,2.33
2022-01-05,174.9199981689453,5.80,30.16,13.28,2.27
2022-01-06,172,5.80,29.66,13.28,2.23
2022-01-07,172.1699981689453,5.80,29.68,13.28,2.24
2022-01-10,172.19000244140625,5.80,29.69,13.28,2.24
2022-01-11,175.0800018310547,5.80,30.19,13.28,2.27
2022-01-12,175.52999877929688,5.80,30.26,13.28,2.28
2022-01-13,172.19000244140625,5.80,29.69,13.28,2.24
2022-01-14,173.07000732421875,5.80,29.84,13.28,2.25
2022-01-18,169.8000030517578,5.80,29.28,13.28,2.20
2022-01-19,166.22999572753906,5.80,28.66,13.28,2.16
2022-01-20,164.50999450683594,5.80,28.36,13.28,2.14
2022-01-21,162.41000366210938,5.80,28.00,13.28,2.11
2022-01-24,161.6199951171875,5.80,27.87,13.28,2.10
2022-01-25,159.77999877929688,5.80,27.55,13.28,2.07
2022-01-26,159.69000244140625,5.80,27.53,13.28,2.07
2022-01-27,159.22000122070312,5.80,27.45,13.28,2.07
2022-01-28,170.3300018310547,5.80,29.37,13.28,2.21
2022-01-31,174.77999877929688,5.80,30.13,13.28,2.27
2022-02-01,174.61000061035156,5.80,30.11,13.28,2.27
2022-02-02,175.83999633789062,5.80,30.32,13.28,2.28
2022-02-03,172.89999389648438,5.80,29.81,13.28,2.24
2022-02-04,172.38999938964844,5.80,29.72,13.28,2.24
2022-02-07,171.66000366210938,5.80,29.60,13.28,2.23
2022-02-08,174.8300018310547,5.80,30.14,13.28,2.27
2022-02-09,176.27999877929688,5.80,30.39,13.28,2.29
2022-02-10,172.1199951171875,5.80,29.68,13.28,2.23
2022-02-11,168.63999938964844,5.80,29.08,13.28,2.19
2022-02-14,168.8800048828125,5.80,29.12,13.28,2.19
2022-02-15,172.7899932861328,5.80,29.79,13.28,2.24
2022-02-16,172.5500030517578,5.80,29.75,13.28,2.24
2022-02-17,168.8800048828125,5.80,29.12,13.28,2.19
2022-02-18,167.3000030517578,5.80,28.84,13.28,2.17
2022-02-22,164.32000732421875,5.80,28.33,13.28,2.13
2022-02-23,160.07000732421875,5.80,27.60,13.28,2.08
2022-02-24,162.74000549316406,5.80,28.06,13.28,2.11
2022-02-25,164.85000610351562,5.80,28.42,13.28,2.14
2022-02-28,165.1199951171875,5.80,28.47,13.28,2.14
2022-03-01,163.1999969482422,5.80,28.14,13.28,2.12
2022-03-02,166.55999755859375,5.80,28.72,13.28,2.16
2022-03-03,166.22999572753906,5.80,28.66,13.28,2.16
2022-03-04,163.1699981689453,5.80,28.13,13.28,2.12
2022-03-07,159.3000030517578,5.80,27.47,13.28,2.07
2022-03-08,157.44000244140625,5.80,27.14,13.28,2.04
2022-03-09,162.9499969482422,5.80,28.09,13.28,2.12
2022-03-10,158.52000427246094,5.80,27.33,13.28,2.06
2022-03-11,154.72999572753906,5.80,26.68,13.28,2.01
2022-03-14,150.6199951171875,5.80,25.97,13.28,1.96
2022-03-15,155.08999633789062,5.80,26.74,13.28,2.01
2022-03-16,159.58999633789062,5.80,27.52,13.28,2.07
2022-03-17,160.6199951171875,5.80,27.69,13.28,2.09
2022-03-18,163.97999572753906,5.80,28.27,13.28,2.13
2022-03-21,165.3800048828125,5.80,28.51,13.28,2.15
2022-03-22,168.82000732421875,5.80,29.11,13.28,2.19
2022-03-23,170.2100067138672,5.80,29.35,13.28,2.21
2022-03-24,174.07000732421875,5.80,30.01,13.28,2.26
2022-03-25,174.72000122070312,5.80,30.12,13.28,2.27
2022-03-28,175.60000610351562,5.80,30.28,13.28,2.28
2022-03-29,178.9600067138672,5.80,30.86,13.28,2.32
2022-03-30,177.77000427246094,5.80,30.65,13.28,2.31
2022-03-31,174.61000061035156,5.80,30.11,4.13,7.29
2022-04-01,174.30999755859375,5.80,30.05,4.13,7.28
2022-04-04,178.44000244140625,5.80,30.77,4.13,7.45
2022-04-05,175.05999755859375,5.80,30.18,4.13,7.31
2022-04-06,171.8300018310547,5.80,29.63,4.13,7.17
2022-04-07,172.13999938964844,5.80,29.68,4.13,7.19
2022-04-08,170.08999633789062,5.80,29.33,4.13,7.10
2022-04-11,165.75,5.80,28.58,4.13,6.92
2022-04-12,167.66000366210938,5.80,28.91,4.13,7.00
2022-04-13,170.39999389648438,5.80,29.38,4.13,7.11
2022-04-14,165.2899932861328,5.80,28.50,4.13,6.90
2022-04-18,165.07000732421875,5.80,28.46,4.13,6.89
2022-04-19,167.39999389648438,5.80,28.86,4.13,6.99
2022-04-20,167.22999572753906,5.80,28.83,4.13,6.98
2022-04-21,166.4199981689453,5.80,28.69,4.13,6.95
2022-04-22,161.7899932861328,5.80,27.89,4.13,6.76
2022-04-25,162.8800048828125,5.80,28.08,4.13,6.80
2022-04-26,156.8000030517578,5.80,27.03,4.13,6.55
2022-04-27,156.57000732421875,5.80,26.99,4.13,6.54
2022-04-28,163.63999938964844,5.80,28.21,4.13,6.83
2022-04-29,157.64999389648438,5.80,27.18,4.13,6.58
2022-05-02,157.9600067138672,5.80,27.23,4.13,6.60
2022-05-03,159.47999572753906,5.80,27.50,4.13,6.66
2022-05-04,166.02000427246094,5.80,28.62,4.13,6.93
2022-05-05,156.77000427246094,5.80,27.03,4.13,6.55
2022-05-06,157.27999877929688,5.80,27.12,4.13,6.57
2022-05-09,152.05999755859375,5.80,26.22,4.13,6.35
2022-05-10,154.50999450683594,5.80,26.64,4.13,6.45
2022-05-11,146.5,5.80,25.26,4.13,6.12
2022-05-12,142.55999755859375,5.80,24.58,4.13,5.95
2022-05-13,147.11000061035156,5.80,25.36,4.13,6.14
2022-05-16,145.5399932861328,5.80,25.09,4.13,6.08
2022-05-17,149.24000549316406,5.80,25.73,4.13,6.23
2022-05-18,140.82000732421875,5.80,24.28,4.13,5.88
2022-05-19,137.35000610351562,5.80,23.68,4.13,5.73
2022-05-20,137.58999633789062,5.80,23.72,4.13,5.74
2022-05-23,143.11000061035156,5.80,24.67,4.13,5.98
2022-05-24,140.36000061035156,5.80,24.20,4.13,5.86
2022-05-25,140.52000427246094,5.80,24.23,4.13,5.87
2022-05-26,143.77999877929688,5.80,24.79,4.13,6.00
2022-05-27,149.63999938964844,5.80,25.80,4.13,6.25
2022-05-31,148.83999633789062,5.80,25.66,4.13,6.21
2022-06-01,148.7100067138672,5.80,25.64,4.13,6.21
2022-06-02,151.2100067138672,5.80,26.07,4.13,6.31
2022-06-03,145.3800048828125,5.80,25.07,4.13,6.07
2022-06-06,146.13999938964844,5.80,25.20,4.13,6.10
2022-06-07,148.7100067138672,5.80,25.64,4.13,6.21
2022-06-08,147.9600067138672,5.80,25.51,4.13,6.18
2022-06-09,142.63999938964844,5.80,24.59,4.13,5.96
2022-06-10,137.1300048828125,5.80,23.64,4.13,5.73
2022-06-13,131.8800048828125,5.80,22.74,4.13,5.51
2022-06-14,132.75999450683594,5.80,22.89,4.13,5.54
2022-06-15,135.42999267578125,5.80,23.35,4.13,5.65
2022-06-16,130.05999755859375,5.80,22.42,4.13,5.43
2022-06-17,131.55999755859375,5.80,22.68,4.13,5.49
2022-06-21,135.8699951171875,5.80,23.43,4.13,5.67
2022-06-22,135.35000610351562,5.80,23.34,4.13,5.65
2022-06-23,138.27000427246094,5.80,23.84,4.13,5.77
2022-06-24,141.66000366210938,5.80,24.42,4.13,5.91
2022-06-27,141.66000366210938,5.80,24.42,4.13,5.91
2022-06-28,137.44000244140625,5.80,23.70,4.13,5.74
2022-06-29,139.22999572753906,5.80,24.01,4.13,5.81
2022-06-30,136.72000122070312,5.84,23.41,2.28,10.28
2022-07-01,138.92999267578125,5.84,23.79,2.28,10.45
2022-07-05,141.55999755859375,5.84,24.24,2.28,10.65
2022-07-06,142.9199981689453,5.84,24.47,2.28,10.75
2022-07-07,146.35000610351562,5.84,25.06,2.28,11.01
2022-07-08,147.0399932861328,5.84,25.18,2.28,11.06
2022-07-11,144.8699951171875,5.84,24.81,2.28,10.90
2022-07-12,145.86000061035156,5.84,24.98,2.28,10.97
2022-07-13,145.49000549316406,5.84,24.91,2.28,10.94
2022-07-14,148.47000122070312,5.84,25.42,2.28,11.17
2022-07-15,150.1699981689453,5.84,25.71,2.28,11.29
2022-07-18,147.07000732421875,5.84,25.18,2.28,11.06
2022-07-19,151,5.84,25.86,2.28,11.36
2022-07-20,153.0399932861328,5.84,26.21,2.28,11.51
2022-07-21,155.35000610351562,5.84,26.60,2.28,11.68
2022-07-22,154.08999633789062,5.84,26.39,2.28,11.59
2022-07-25,152.9499969482422,5.84,26.19,2.28,11.50
2022-07-26,151.60000610351562,5.84,25.96,2.28,11.40
2022-07-27,156.7899932861328,5.84,26.85,2.28,11.79
2022-07-28,157.35000610351562,5.84,26.94,2.28,11.83
2022-07-29,162.50999450683594,5.84,27.83,2.28,12.22
2022-08-01,161.50999450683594,5.84,27.66,2.28,12.15
2022-08-02,160.00999450683594,5.84,27.40,2.28,12.03
2022-08-03,166.1300048828125,5.84,28.45,2.28,12.49
2022-08-04,165.80999755859375,5.84,28.39,2.28,12.47
2022-08-05,165.35000610351562,5.84,28.31,2.28,12.44
2022-08-08,164.8699951171875,5.84,28.23,2.28,12.40
2022-08-09,164.9199981689453,5.84,28.24,2.28,12.40
2022-08-10,169.24000549316406,5.84,28.98,2.28,12.73
2022-08-11,168.49000549316406,5.84,28.85,2.28,12.67
2022-08-12,172.10000610351562,5.84,29.47,2.28,12.94
2022-08-15,173.19000244140625,5.84,29.66,2.28,13.03
2022-08-16,173.02999877929688,5.84,29.63,2.28,13.01
2022-08-17,174.5500030517578,5.84,29.89,2.28,13.13
2022-08-18,174.14999389648438,5.84,29.82,2.28,13.10
2022-08-19,171.52000427246094,5.84,29.37,2.28,12.90
2022-08-22,167.57000732421875,5.84,28.69,2.28,12.60
2022-08-23,167.22999572753906,5.84,28.64,2.28,12.58
2022-08-24,167.52999877929688,5.84,28.69,2.28,12.60
2022-08-25,170.02999877929688,5.84,29.11,2.28,12.79
2022-08-26,163.6199951171875,5.84,28.02,2.28,12.31
2022-08-29,161.3800048828125,5.84,27.63,2.28,12.14
2022-08-30,158.91000366210938,5.84,27.21,2.28,11.95
2022-08-31,157.22000122070312,5.84,26.92,2.28,11.82
2022-09-01,157.9600067138672,5.84,27.05,2.28,11.88
2022-09-02,155.80999755859375,5.84,26.68,2.28,11.72
2022-09-06,154.52999877929688,5.84,26.46,2.28,11.62
2022-09-07,155.9600067138672,5.84,26.71,2.28,11.73
2022-09-08,154.4600067138672,5.84,26.45,2.28,11.62
2022-09-09,157.3699951171875,5.84,26.95,2.28,11.84
2022-09-12,163.42999267578125,5.84,27.98,2.28,12.29
2022-09-13,153.83999633789062,5.84,26.34,2.28,11.57
2022-09-14,155.30999755859375,5.84,26.59,2.28,11.68
2022-09-15,152.3699951171875,5.84,26.09,2.28,11.46
2022-09-16,150.6999969482422,5.84,25.80,2.28,11.33
2022-09-19,154.47999572753906,5.84,26.45,2.28,11.62
2022-09-20,156.89999389648438,5.84,26.87,2.28,11.80
2022-09-21,153.72000122070312,5.84,26.32,2.28,11.56
2022-09-22,152.74000549316406,5.84,26.15,2.28,11.49
2022-09-23,150.42999267578125,5.84,25.76,2.28,11.31
2022-09-26,150.77000427246094,5.84,25.82,2.28,11.34
2022-09-27,151.75999450683594,5.84,25.99,2.28,11.41
2022-09-28,149.83999633789062,5.84,25.66,2.28,11.27
2022-09-29,142.47999572753906,5.84,24.40,2.28,10.72
2022-09-30,138.1999969482422,5.96,23.19,3.83,6.05
2022-10-03,142.4499969482422,5.96,23.90,3.83,6.24
2022-10-04,146.10000610351562,5.96,24.51,3.83,6.40
2022-10-05,146.39999389648438,5.96,24.56,3.83,6.41
2022-10-06,145.42999267578125,5.96,24.40,3.83,6.37
2022-10-07,140.08999633789062,5.96,23.51,3.83,6.13
2022-10-10,140.4199981689453,5.96,23.56,3.83,6.15
2022-10-11,138.97999572753906,5.96,23.32,3.83,6.08
2022-10-12,138.33999633789062,5.96,23.21,3.83,6.06
2022-10-13,142.99000549316406,5.96,23.99,3.83,6.26
2022-10-14,138.3800048828125,5.96,23.22,3.83,6.06
2022-10-17,142.41000366210938,5.96,23.89,3.83,6.23
2022-10-18,143.75,5.96,24.12,3.83,6.29
2022-10-19,143.86000061035156,5.96,24.14,3.83,6.30
2022-10-20,143.38999938964844,5.96,24.06,3.83,6.28
2022-10-21,147.27000427246094,5.96,24.71,3.83,6.45
2022-10-24,149.4499969482422,5.96,25.08,3.83,6.54
2022-10-25,152.33999633789062,5.96,25.56,3.83,6.67
2022-10-26,149.35000610351562,5.96,25.06,3.83,6.54
2022-10-27,144.8000030517578,5.96,24.30,3.83,6.34
2022-10-28,155.74000549316406,5.96,26.13,3.83,6.82
2022-10-31,153.33999633789062,5.96,25.73,3.83,6.71
2022-11-01,150.64999389648438,5.96,25.28,3.83,6.59
2022-11-02,145.02999877929688,5.96,24.33,3.83,6.35
2022-11-03,138.8800048828125,5.96,23.30,3.83,6.08
2022-11-04,138.3800048828125,5.96,23.22,3.83,6.06
2022-11-07,138.9199981689453,5.96,23.31,3.83,6.08
2022-11-08,139.5,5.96,23.41,3.83,6.11
2022-11-09,134.8699951171875,5.96,22.63,3.83,5.90
2022-11-10,146.8699951171875,5.96,24.64,3.83,6.43
2022-11-11,149.6999969482422,5.96,25.12,3.83,6.55
2022-11-14,148.27999877929688,5.96,24.88,3.83,6.49
2022-11-15,150.0399932861328,5.96,25.17,3.83,6.57
2022-11-16,148.7899932861328,5.96,24.96,3.83,6.51
2022-11-17,150.72000122070312,5.96,25.29,3.83,6.60
2022-11-18,151.2899932861328,5.96,25.38,3.83,6.62
2022-11-21,148.00999450683594,5.96,24.83,3.83,6.48
2022-11-22,150.17999267578125,5.96,25.20,3.83,6.57
2022-11-23,151.07000732421875,5.96,25.35,3.83,6.61
2022-11-25,148.11000061035156,5.96,24.85,3.83,6.48
2022-11-28,144.22000122070312,5.96,24.20,3.83,6.31
2022-11-29,141.1699981689453,5.96,23.69,3.83,6.18
2022-11-30,148.02999877929688,5.96,24.84,3.83,6.48
2022-12-01,148.30999755859375,5.96,24.88,3.83,6.49
2022-12-02,147.80999755859375,5.96,24.80,3.83,6.47
2022-12-05,146.6300048828125,5.96,24.60,3.83,6.42
2022-12-06,142.91000366210938,5.96,23.98,3.83,6.26
2022-12-07,140.94000244140625,5.96,23.65,3.83,6.17
2022-12-08,142.64999389648438,5.96,23.93,3.83,6.24
2022-12-09,142.16000366210938,5.96,23.85,3.83,6.22
2022-12-12,144.49000549316406,5.96,24.24,3.83,6.33
2022-12-13,145.47000122070312,5.96,24.41,3.83,6.37
2022-12-14,143.2100067138672,5.96,24.03,3.83,6.27
2022-12-15,136.5,5.96,22.90,3.83,5.98
2022-12-16,134.50999450683594,5.96,22.57,3.83,5.89
2022-12-19,132.3699951171875,5.96,22.21,3.83,5.79
2022-12-20,132.3000030517578,5.96,22.20,3.83,5.79
2022-12-21,135.4499969482422,5.96,22.73,3.83,5.93
2022-12-22,132.22999572753906,5.96,22.19,3.83,5.79
2022-12-23,131.86000061035156,5.96,22.12,3.83,5.77
2022-12-27,130.02999877929688,5.96,21.82,3.83,5.69
2022-12-28,126.04000091552734,5.96,21.15,3.83,5.52
2022-12-29,129.61000061035156,5.96,21.75,3.83,5.67
2022-12-30,129.92999267578125,5.96,21.80,3.83,5.69
2023-01-03,125.06999969482422,6.12,20.44,5.52,3.70
2023-01-04,126.36000061035156,6.12,20.65,5.52,3.74
2023-01-05,125.0199966430664,6.12,20.43,5.52,3.70
2023-01-06,129.6199951171875,6.12,21.18,5.52,3.84
2023-01-09,130.14999389648438,6.12,21.27,5.52,3.85
2023-01-10,130.72999572753906,6.12,21.36,5.52,3.87
2023-01-11,133.49000549316406,6.12,21.81,5.52,3.95
2023-01-12,133.41000366210938,6.12,21.80,5.52,3.95
2023-01-13,134.75999450683594,6.12,22.02,5.52,3.99
2023-01-17,135.94000244140625,6.12,22.21,5.52,4.03
2023-01-18,135.2100067138672,6.12,22.09,5.52,4.00
2023-01-19,135.27000427246094,6.12,22.10,5.52,4.01
2023-01-20,137.8699951171875,6.12,22.53,5.52,4.08
2023-01-23,141.11000061035156,6.12,23.06,5.52,4.18
2023-01-24,142.52999877929688,6.12,23.29,5.52,4.22
2023-01-25,141.86000061035156,6.12,23.18,5.52,4.20
2023-01-26,143.9600067138672,6.12,23.52,5.52,4.26
2023-01-27,145.92999267578125,6.12,23.84,5.52,4.32
2023-01-30,143,6.12,23.37,5.52,4.24
2023-01-31,144.2899932861328,6.12,23.58,5.52,4.27
2023-02-01,145.42999267578125,6.12,23.76,5.52,4.31
2023-02-02,150.82000732421875,6.12,24.64,5.52,4.47
2023-02-03,154.5,6.12,25.25,5.52,4.58
2023-02-06,151.72999572753906,6.12,24.79,5.52,4.49
2023-02-07,154.64999389648438,6.12,25.27,5.52,4.58
2023-02-08,151.9199981689453,6.12,24.82,5.52,4.50
2023-02-09,150.8699951171875,6.12,24.65,5.52,4.47
2023-02-10,151.00999450683594,6.12,24.67,5.52,4.47
2023-02-13,153.85000610351562,6.12,25.14,5.52,4.56
2023-02-14,153.1999969482422,6.12,25.03,5.52,4.54
2023-02-15,155.3300018310547,6.12,25.38,5.52,4.60
2023-02-16,153.7100067138672,6.12,25.12,5.52,4.55
2023-02-17,152.5500030517578,6.12,24.93,5.52,4.52
2023-02-21,148.47999572753906,6.12,24.26,5.52,4.40
2023-02-22,148.91000366210938,6.12,24.33,5.52,4.41
2023-02-23,149.39999389648438,6.12,24.41,5.52,4.42
2023-02-24,146.7100067138672,6.12,23.97,5.52,4.34
2023-02-27,147.9199981689453,6.12,24.17,5.52,4.38
2023-02-28,147.41000366210938,6.12,24.09,5.52,4.37
2023-03-01,145.30999755859375,6.12,23.74,5.52,4.30
2023-03-02,145.91000366210938,6.12,23.84,5.52,4.32
2023-03-03,151.02999877929688,6.12,24.68,5.52,4.47
2023-03-06,153.8300018310547,6.12,25.14,5.52,4.56
2023-03-07,151.60000610351562,6.12,24.77,5.52,4.49
2023-03-08,152.8699951171875,6.12,24.98,5.52,4.53
2023-03-09,150.58999633789062,6.12,24.61,5.52,4.46
2023-03-10,148.5,6.12,24.26,5.52,4.40
2023-03-13,150.47000122070312,6.12,24.59,5.52,4.46
2023-03-14,152.58999633789062,6.12,24.93,5.52,4.52
2023-03-15,152.99000549316406,6.12,25.00,5.52,4.53
2023-03-16,155.85000610351562,6.12,25.47,5.52,4.62
2023-03-17,155,6.12,25.33,5.52,4.59
2023-03-20,157.39999389648438,6.12,25.72,5.52,4.66
2023-03-21,159.27999877929688,6.12,26.03,5.52,4.72
2023-03-22,157.8300018310547,6.12,25.79,5.52,4.67
2023-03-23,158.92999267578125,6.12,25.97,5.52,4.71
2023-03-24,160.25,6.12,26.18,5.52,4.75
2023-03-27,158.27999877929688,6.12,25.86,5.52,4.69
2023-03-28,157.64999389648438,6.12,25.76,5.52,4.67
2023-03-29,160.77000427246094,6.12,26.27,5.52,4.76
2023-03-30,162.36000061035156,6.12,26.53,5.52,4.81
2023-03-31,164.89999389648438,6.19,26.64,6.72,3.96
2023-04-03,166.1699981689453,6.19,26.84,6.72,3.99
2023-04-04,165.6300048828125,6.19,26.76,6.72,3.98
2023-04-05,163.75999450683594,6.19,26.46,6.72,3.93
2023-04-06,164.66000366210938,6.19,26.60,6.72,3.96
2023-04-10,162.02999877929688,6.19,26.18,6.72,3.89
2023-04-11,160.8000030517578,6.19,25.98,6.72,3.86
2023-04-12,160.10000610351562,6.19,25.86,6.72,3.85
2023-04-13,165.55999755859375,6.19,26.75,6.72,3.98
2023-04-14,165.2100067138672,6.19,26.69,6.72,3.97
2023-04-17,165.22999572753906,6.19,26.69,6.72,3.97
2023-04-18,166.47000122070312,6.19,26.89,6.72,4.00
2023-04-19,167.6300048828125,6.19,27.08,6.72,4.03
2023-04-20,166.64999389648438,6.19,26.92,6.72,4.00
2023-04-21,165.02000427246094,6.19,26.66,6.72,3.96
2023-04-24,165.3300018310547,6.19,26.71,6.72,3.97
2023-04-25,163.77000427246094,6.19,26.46,6.72,3.93
2023-04-26,163.75999450683594,6.19,26.46,6.72,3.93
2023-04-27,168.41000366210938,6.19,27.21,6.72,4.05
2023-04-28,169.67999267578125,6.19,27.41,6.72,4.08
2023-05-01,169.58999633789062,6.19,27.40,6.72,4.07
2023-05-02,168.5399932861328,6.19,27.23,6.72,4.05
2023-05-03,167.4499969482422,6.19,27.05,6.72,4.02
2023-05-04,165.7899932861328,6.19,26.78,6.72,3.98
2023-05-05,173.57000732421875,6.19,28.04,6.72,4.17
2023-05-08,173.5,6.19,28.03,6.72,4.17
2023-05-09,171.77000427246094,6.19,27.75,6.72,4.13
2023-05-10,173.55999755859375,6.19,28.04,6.72,4.17
2023-05-11,173.75,6.19,28.07,6.72,4.17
2023-05-12,172.57000732421875,6.19,27.88,6.72,4.15
2023-05-15,172.07000732421875,6.19,27.80,6.72,4.13
2023-05-16,172.07000732421875,6.19,27.80,6.72,4.13
2023-05-17,172.69000244140625,6.19,27.90,6.72,4.15
2023-05-18,175.0500030517578,6.19,28.28,6.72,4.21
2023-05-19,175.16000366210938,6.19,28.30,6.72,4.21
2023-05-22,174.1999969482422,6.19,28.14,6.72,4.19
2023-05-23,171.55999755859375,6.19,27.72,6.72,4.12
2023-05-24,171.83999633789062,6.19,27.76,6.72,4.13
2023-05-25,172.99000549316406,6.19,27.95,6.72,4.16
2023-05-26,175.42999267578125,6.19,28.34,6.72,4.21
2023-05-30,177.3000030517578,6.19,28.64,6.72,4.26
2023-05-31,177.25,6.19,28.63,6.72,4.26
2023-06-01,180.08999633789062,6.19,29.09,6.72,4.33
2023-06-02,180.9499969482422,6.19,29.23,6.72,4.35
2023-06-05,179.5800018310547,6.19,29.01,6.72,4.31
2023-06-06,179.2100067138672,6.19,28.95,6.72,4.31
2023-06-07,177.82000732421875,6.19,28.73,6.72,4.27
2023-06-08,180.57000732421875,6.19,29.17,6.72,4.34
2023-06-09,180.9600067138672,6.19,29.23,6.72,4.35
2023-06-12,183.7899932861328,6.19,29.69,6.72,4.42
2023-06-13,183.30999755859375,6.19,29.61,6.72,4.40
2023-06-14,183.9499969482422,6.19,29.72,6.72,4.42
2023-06-15,186.00999450683594,6.19,30.05,6.72,4.47
2023-06-16,184.9199981689453,6.19,29.87,6.72,4.44
2023-06-20,185.00999450683594,6.19,29.89,6.72,4.44
2023-06-21,183.9600067138672,6.19,29.72,6.72,4.42
2023-06-22,187,6.19,30.21,6.72,4.49
2023-06-23,186.67999267578125,6.19,30.16,6.72,4.49
2023-06-26,185.27000427246094,6.19,29.93,6.72,4.45
2023-06-27,188.05999755859375,6.19,30.38,6.72,4.52
2023-06-28,189.25,6.19,30.57,6.72,4.55
2023-06-29,189.58999633789062,6.19,30.63,6.72,4.55
2023-06-30,193.97000122070312,6.34,30.59,8.56,3.57
2023-07-03,192.4600067138672,6.34,30.36,8.56,3.55
2023-07-05,191.3300018310547,6.34,30.18,8.56,3.52
2023-07-06,191.80999755859375,6.34,30.25,8.56,3.53
2023-07-07,190.67999267578125,6.34,30.08,8.56,3.51
2023-07-10,188.61000061035156,6.34,29.75,8.56,3.47
2023-07-11,188.0800018310547,6.34,29.67,8.56,3.46
2023-07-12,189.77000427246094,6.34,29.93,8.56,3.50
2023-07-13,190.5399932861328,6.34,30.05,8.56,3.51
2023-07-14,190.69000244140625,6.34,30.08,8.56,3.51
2023-07-17,193.99000549316406,6.34,30.60,8.56,3.57
2023-07-18,193.72999572753906,6.34,30.56,8.56,3.57
2023-07-19,195.10000610351562,6.34,30.77,8.56,3.59
2023-07-20,193.1300048828125,6.34,30.46,8.56,3.56
2023-07-21,191.94000244140625,6.34,30.27,8.56,3.54
2023-07-24,192.75,6.34,30.40,8.56,3.55
2023-07-25,193.6199951171875,6.34,30.54,8.56,3.57
2023-07-26,194.5,6.34,30.68,8.56,3.58
2023-07-27,193.22000122070312,6.34,30.48,8.56,3.56
2023-07-28,195.8300018310547,6.34,30.89,8.56,3.61
2023-07-31,196.4499969482422,6.34,30.99,8.56,3.62
2023-08-01,195.61000061035156,6.34,30.85,8.56,3.60
2023-08-02,192.5800018310547,6.34,30.38,8.56,3.55
2023-08-03,191.1699981689453,6.34,30.15,8.56,3.52
2023-08-04,181.99000549316406,6.34,28.71,8.56,3.35
2023-08-07,178.85000610351562,6.34,28.21,8.56,3.29
2023-08-08,179.8000030517578,6.34,28.36,8.56,3.31
2023-08-09,178.19000244140625,6.34,28.11,8.56,3.28
2023-08-10,177.97000122070312,6.34,28.07,8.56,3.28
2023-08-11,177.7899932861328,6.34,28.04,8.56,3.28
2023-08-14,179.4600067138672,6.34,28.31,8.56,3.31
2023-08-15,177.4499969482422,6.34,27.99,8.56,3.27
2023-08-16,176.57000732421875,6.34,27.85,8.56,3.25
2023-08-17,174,6.34,27.44,8.56,3.21
2023-08-18,174.49000549316406,6.34,27.52,8.56,3.21
2023-08-21,175.83999633789062,6.34,27.74,8.56,3.24
2023-08-22,177.22999572753906,6.34,27.95,8.56,3.27
2023-08-23,181.1199951171875,6.34,28.57,8.56,3.34
2023-08-24,176.3800048828125,6.34,27.82,8.56,3.25
2023-08-25,178.61000061035156,6.34,28.17,8.56,3.29
2023-08-28,180.19000244140625,6.34,28.42,8.56,3.32
2023-08-29,184.1199951171875,6.34,29.04,8.56,3.39
2023-08-30,187.64999389648438,6.34,29.60,8.56,3.46
2023-08-31,187.8699951171875,6.34,29.63,8.56,3.46
2023-09-01,189.4600067138672,6.34,29.88,8.56,3.49
2023-09-05,189.6999969482422,6.34,29.92,8.56,3.49
2023-09-06,182.91000366210938,6.34,28.85,8.56,3.37
2023-09-07,177.55999755859375,6.34,28.01,8.56,3.27
2023-09-08,178.17999267578125,6.34,28.10,8.56,3.28
2023-09-11,179.36000061035156,6.34,28.29,8.56,3.30
2023-09-12,176.3000030517578,6.34,27.81,8.56,3.25
2023-09-13,174.2100067138672,6.34,27.48,8.56,3.21
2023-09-14,175.74000549316406,6.34,27.72,8.56,3.24
2023-09-15,175.00999450683594,6.34,27.60,8.56,3.22
2023-09-18,177.97000122070312,6.34,28.07,8.56,3.28
2023-09-19,179.07000732421875,6.34,28.24,8.56,3.30
2023-09-20,175.49000549316406,6.34,27.68,8.56,3.23
2023-09-21,173.92999267578125,6.34,27.43,8.56,3.20
2023-09-22,174.7899932861328,6.34,27.57,8.56,3.22
2023-09-25,176.0800018310547,6.34,27.77,8.56,3.24
2023-09-26,171.9600067138672,6.34,27.12,8.56,3.17
2023-09-27,170.42999267578125,6.34,26.88,8.56,3.14
2023-09-28,170.69000244140625,6.34,26.92,8.56,3.14
2023-09-29,171.2100067138672,6.34,27.00,8.56,3.15
2023-10-02,173.75,5.90,29.45,-1.01,-29.25
2023-10-03,172.39999389648438,5.90,29.22,-1.01,-29.03
2023-10-04,173.66000366210938,5.90,29.43,-1.01,-29.24
2023-10-05,174.91000366210938,5.90,29.65,-1.01,-29.45
2023-10-06,177.49000549316406,5.90,30.08,-1.01,-29.88
2023-10-09,178.99000549316406,5.90,30.34,-1.01,-30.14
2023-10-10,178.38999938964844,5.90,30.24,-1.01,-30.03
2023-10-11,179.8000030517578,5.90,30.47,-1.01,-30.27
2023-10-12,180.7100067138672,5.90,30.63,-1.01,-30.42
2023-10-13,178.85000610351562,5.90,30.31,-1.01,-30.11
2023-10-16,178.72000122070312,5.90,30.29,-1.01,-30.09
2023-10-17,177.14999389648438,5.90,30.03,-1.01,-29.83
2023-10-18,175.83999633789062,5.90,29.80,-1.01,-29.60
2023-10-19,175.4600067138672,5.90,29.74,-1.01,-29.54
2023-10-20,172.8800048828125,5.90,29.30,-1.01,-29.11
2023-10-23,173,5.90,29.32,-1.01,-29.13
2023-10-24,173.44000244140625,5.90,29.40,-1.01,-29.20
2023-10-25,171.10000610351562,5.90,29.00,-1.01,-28.81
2023-10-26,166.88999938964844,5.90,28.29,-1.01,-28.10
2023-10-27,168.22000122070312,5.90,28.51,-1.01,-28.32
2023-10-30,170.2899932861328,5.90,28.86,-1.01,-28.67
2023-10-31,170.77000427246094,5.90,28.94,-1.01,-28.75
2023-11-01,173.97000122070312,5.90,29.49,-1.01,-29.29
2023-11-02,177.57000732421875,5.90,30.10,-1.01,-29.90
2023-11-03,176.64999389648438,5.90,29.94,-1.01,-29.74
2023-11-06,179.22999572753906,5.90,30.38,-1.01,-30.18
2023-11-07,181.82000732421875,5.90,30.82,-1.01,-30.61
2023-11-08,182.88999938964844,5.90,31.00,-1.01,-30.79
2023-11-09,182.41000366210938,5.90,30.92,-1.01,-30.71
2023-11-10,186.39999389648438,5.90,31.59,-1.01,-31.38
2023-11-13,184.8000030517578,5.90,31.32,-1.01,-31.11
2023-11-14,187.44000244140625,5.90,31.77,-1.01,-31.56
2023-11-15,188.00999450683594,5.90,31.87,-1.01,-31.65
2023-11-16,189.7100067138672,5.90,32.15,-1.01,-31.94
2023-11-17,189.69000244140625,5.90,32.15,-1.01,-31.94
2023-11-20,191.4499969482422,5.90,32.45,-1.01,-32.23
2023-11-21,190.63999938964844,5.90,32.31,-1.01,-32.10
2023-11-22,191.30999755859375,5.90,32.43,-1.01,-32.21
2023-11-24,189.97000122070312,5.90,32.20,-1.01,-31.98
2023-11-27,189.7899932861328,5.90,32.17,-1.01,-31.95
2023-11-28,190.39999389648438,5.90,32.27,-1.01,-32.06
2023-11-29,189.3699951171875,5.90,32.10,-1.01,-31.88
2023-11-30,189.9499969482422,5.90,32.19,-1.01,-31.98
2023-12-01,191.24000549316406,5.90,32.41,-1.01,-32.20
2023-12-04,189.42999267578125,5.90,32.11,-1.01,-31.89
2023-12-05,193.4199981689453,5.90,32.78,-1.01,-32.56
2023-12-06,192.32000732421875,5.90,32.60,-1.01,-32.38
2023-12-07,194.27000427246094,5.90,32.93,-1.01,-32.71
2023-12-08,195.7100067138672,5.90,33.17,-1.01,-32.95
2023-12-11,193.17999267578125,5.90,32.74,-1.01,-32.52
2023-12-12,194.7100067138672,5.90,33.00,-1.01,-32.78
2023-12-13,197.9600067138672,5.90,33.55,-1.01,-33.33
2023-12-14,198.11000061035156,5.90,33.58,-1.01,-33.35
2023-12-15,197.57000732421875,5.90,33.49,-1.01,-33.26
2023-12-18,195.88999938964844,5.90,33.20,-1.01,-32.98
2023-12-19,196.94000244140625,5.90,33.38,-1.01,-33.16
2023-12-20,194.8300018310547,5.90,33.02,-1.01,-32.80
2023-12-21,194.67999267578125,5.90,33.00,-1.01,-32.78
2023-12-22,193.60000610351562,5.90,32.81,-1.01,-32.59
2023-12-26,193.0500030517578,5.90,32.72,-1.01,-32.50
2023-12-27,193.14999389648438,5.90,32.74,-1.01,-32.52
2023-12-28,193.5800018310547,5.90,32.81,-1.01,-32.59
2023-12-29,192.52999877929688,5.90,32.63,-1.01,-32.41
2024-01-02,185.63999938964844,6.13,30.28,0.16,185.34
2024-01-03,184.25,6.13,30.06,0.16,183.95
2024-01-04,181.91000366210938,6.13,29.68,0.16,181.61
2024-01-05,181.17999267578125,6.13,29.56,0.16,180.88
2024-01-08,185.55999755859375,6.13,30.27,0.16,185.26
2024-01-09,185.13999938964844,6.13,30.20,0.16,184.84
2024-01-10,186.19000244140625,6.13,30.37,0.16,185.89
2024-01-11,185.58999633789062,6.13,30.28,0.16,185.29
2024-01-12,185.9199981689453,6.13,30.33,0.16,185.62
2024-01-16,183.6300048828125,6.13,29.96,0.16,183.33
2024-01-17,182.67999267578125,6.13,29.80,0.16,182.38
2024-01-18,188.6300048828125,6.13,30.77,0.16,188.32
2024-01-19,191.55999755859375,6.13,31.25,0.16,191.25
2024-01-22,193.88999938964844,6.13,31.63,0.16,193.57
2024-01-23,195.17999267578125,6.13,31.84,0.16,194.86
2024-01-24,194.5,6.13,31.73,0.16,194.18
2024-01-25,194.1699981689453,6.13,31.68,0.16,193.85
2024-01-26,192.4199981689453,6.13,31.39,0.16,192.11
2024-01-29,191.72999572753906,6.13,31.28,0.16,191.42
2024-01-30,188.0399932861328,6.13,30.68,0.16,187.73
2024-01-31,184.39999389648438,6.13,30.08,0.16,184.10
2024-02-01,186.86000061035156,6.13,30.48,0.16,186.56
2024-02-02,185.85000610351562,6.13,30.32,0.16,185.55
2024-02-05,187.67999267578125,6.13,30.62,0.16,187.37
2024-02-06,189.3000030517578,6.13,30.88,0.16,188.99
2024-02-07,189.41000366210938,6.13,30.90,0.16,189.10
2024-02-08,188.32000732421875,6.13,30.72,0.16,188.01
2024-02-09,188.85000610351562,6.13,30.81,0.16,188.54
2024-02-12,187.14999389648438,6.13,30.53,0.16,186.84
2024-02-13,185.0399932861328,6.13,30.19,0.16,184.74
2024-02-14,184.14999389648438,6.13,30.04,0.16,183.85
2024-02-15,183.86000061035156,6.13,29.99,0.16,183.56
2024-02-16,182.30999755859375,6.13,29.74,0.16,182.01
2024-02-20,181.55999755859375,6.13,29.62,0.16,181.26
2024-02-21,182.32000732421875,6.13,29.74,0.16,182.02
2024-02-22,184.3699951171875,6.13,30.08,0.16,184.07
2024-02-23,182.52000427246094,6.13,29.77,0.16,182.22
2024-02-26,181.16000366210938,6.13,29.55,0.16,180.86
2024-02-27,182.6300048828125,6.13,29.79,0.16,182.33
2024-02-28,181.4199981689453,6.13,29.60,0.16,181.12
2024-02-29,180.75,6.13,29.49,0.16,180.46
2024-03-01,179.66000366210938,6.13,29.31,0.16,179.37
2024-03-04,175.10000610351562,6.13,28.56,0.16,174.81
2024-03-05,170.1199951171875,6.13,27.75,0.16,169.84
2024-03-06,169.1199951171875,6.13,27.59,0.16,168.84
2024-03-07,169,6.13,27.57,0.16,168.72
2024-03-08,170.72999572753906,6.13,27.85,0.16,170.45
2024-03-11,172.75,6.13,28.18,0.16,172.47
2024-03-12,173.22999572753906,6.13,28.26,0.16,172.95
2024-03-13,171.1300048828125,6.13,27.92,0.16,170.85
2024-03-14,173,6.13,28.22,0.16,172.72
2024-03-15,172.6199951171875,6.13,28.16,0.16,172.34
2024-03-18,173.72000122070312,6.13,28.34,0.16,173.44
2024-03-19,176.0800018310547,6.13,28.72,0.16,175.79
2024-03-20,178.6699981689453,6.13,29.15,0.16,178.38
2024-03-21,171.3699951171875,6.13,27.96,0.16,171.09
2024-03-22,172.27999877929688,6.13,28.10,0.16,172.00
2024-03-25,170.85000610351562,6.13,27.87,0.16,170.57
2024-03-26,169.7100067138672,6.13,27.69,0.16,169.43
2024-03-27,173.30999755859375,6.13,28.27,0.16,173.03
2024-03-28,171.47999572753906,6.13,27.97,0.16,171.20
2024-04-01,170.02999877929688,6.25,27.20,0.97,28.07
2024-04-02,168.83999633789062,6.25,27.01,0.97,27.87
2024-04-03,169.64999389648438,6.25,27.14,0.97,28.00
2024-04-04,168.82000732421875,6.25,27.01,0.97,27.87
2024-04-05,169.5800018310547,6.25,27.13,0.97,27.99
2024-04-08,168.4499969482422,6.25,26.95,0.97,27.81
2024-04-09,169.6699981689453,6.25,27.15,0.97,28.01
2024-04-10,167.77999877929688,6.25,26.84,0.97,27.69
2024-04-11,175.0399932861328,6.25,28.01,0.97,28.89
2024-04-12,176.5500030517578,6.25,28.25,0.97,29.14
2024-04-15,172.69000244140625,6.25,27.63,0.97,28.51
2024-04-16,169.3800048828125,6.25,27.10,0.97,27.96
2024-04-17,168,6.25,26.88,0.97,27.73
2024-04-18,167.0399932861328,6.25,26.73,0.97,27.57
2024-04-19,165,6.25,26.40,0.97,27.24
2024-04-22,165.83999633789062,6.25,26.53,0.97,27.37
2024-04-23,166.89999389648438,6.25,26.70,0.97,27.55
2024-04-24,169.02000427246094,6.25,27.04,0.97,27.90
2024-04-25,169.88999938964844,6.25,27.18,0.97,28.04
2024-04-26,169.3000030517578,6.25,27.09,0.97,27.95
2024-04-29,173.5,6.25,27.76,0.97,28.64
2024-04-30,170.3300018310547,6.25,27.25,0.97,28.12
2024-05-01,169.3000030517578,6.25,27.09,0.97,27.95
2024-05-02,173.02999877929688,6.25,27.68,0.97,28.56
2024-05-03,183.3800048828125,6.25,29.34,0.97,30.27
2024-05-06,181.7100067138672,6.25,29.07,0.97,29.99
2024-05-07,182.39999389648438,6.25,29.18,0.97,30.11
2024-05-08,182.74000549316406,6.25,29.24,0.97,30.16
2024-05-09,184.57000732421875,6.25,29.53,0.97,30.47
2024-05-10,183.0500030517578,6.25,29.29,0.97,30.22
2024-05-13,186.27999877929688,6.25,29.80,0.97,30.75
2024-05-14,187.42999267578125,6.25,29.99,0.97,30.94
2024-05-15,189.72000122070312,6.25,30.36,0.97,31.32
2024-05-16,189.83999633789062,6.25,30.37,0.97,31.34
2024-05-17,189.8699951171875,6.25,30.38,0.97,31.34
2024-05-20,191.0399932861328,6.25,30.57,0.97,31.53
2024-05-21,192.35000610351562,6.25,30.78,0.97,31.75
2024-05-22,190.89999389648438,6.25,30.54,0.97,31.51
2024-05-23,186.8800048828125,6.25,29.90,0.97,30.85
2024-05-24,189.97999572753906,6.25,30.40,0.97,31.36
2024-05-28,189.99000549316406,6.25,30.40,0.97,31.36
2024-05-29,190.2899932861328,6.25,30.45,0.97,31.41
2024-05-30,191.2899932861328,6.25,30.61,0.97,31.58
2024-05-31,192.25,6.25,30.76,0.97,31.73
2024-06-03,194.02999877929688,6.25,31.04,0.97,32.03
2024-06-04,194.35000610351562,6.25,31.10,0.97,32.08
2024-06-05,195.8699951171875,6.25,31.34,0.97,32.33
2024-06-06,194.47999572753906,6.25,31.12,0.97,32.10
2024-06-07,196.88999938964844,6.25,31.50,0.97,32.50
2024-06-10,193.1199951171875,6.25,30.90,0.97,31.88
2024-06-11,207.14999389648438,6.25,33.14,0.97,34.19
2024-06-12,213.07000732421875,6.25,34.09,0.97,35.17
2024-06-13,214.24000549316406,6.25,34.28,0.97,35.36
2024-06-14,212.49000549316406,6.25,34.00,0.97,35.08
2024-06-17,216.6699981689453,6.25,34.67,0.97,35.76
2024-06-18,214.2899932861328,6.25,34.29,0.97,35.37
2024-06-20,209.67999267578125,6.25,33.55,0.97,34.61
2024-06-21,207.49000549316406,6.25,33.20,0.97,34.25
2024-06-24,208.13999938964844,6.25,33.30,0.97,34.36
2024-06-25,209.07000732421875,6.25,33.45,0.97,34.51
2024-06-26,213.25,6.25,34.12,0.97,35.20
2024-06-27,214.10000610351562,6.25,34.26,0.97,35.34
2024-06-28,210.6199951171875,6.25,33.70,0.97,34.77
2024-07-01,216.75,6.34,34.19,,
2024-07-02,220.27000427246094,6.34,34.74,,
2024-07-03,221.5500030517578,6.34,34.94,,
2024-07-05,226.33999633789062,6.34,35.70,,
2024-07-08,227.82000732421875,6.34,35.93,,
2024-07-09,228.67999267578125,6.34,36.07,,
2024-07-10,232.97999572753906,6.34,36.75,,
2024-07-11,227.57000732421875,6.34,35.89,,
2024-07-12,230.5399932861328,6.34,36.36,,
2024-07-15,234.39999389648438,6.34,36.97,,
2024-07-16,234.82000732421875,6.34,37.04,,
2024-07-17,228.8800048828125,6.34,36.10,,
2024-07-18,224.17999267578125,6.34,35.36,,
2024-07-19,224.30999755859375,6.34,35.38,,
2024-07-22,223.9600067138672,6.34,35.32,,
2024-07-23,225.00999450683594,6.34,35.49,,
2024-07-24,218.5399932861328,6.34,34.47,,
2024-07-25,217.49000549316406,6.34,34.30,,
2024-07-26,217.9600067138672,6.34,34.38,,
2024-07-29,218.24000549316406,6.34,34.42,,
2024-07-30,218.8000030517578,6.34,34.51,,
2024-07-31,222.0800018310547,6.34,35.03,,
2024-08-01,218.36000061035156,6.34,34.44,,
2024-08-02,219.86000061035156,6.34,34.68,,
2024-08-05,209.27000427246094,6.34,33.01,,
2024-08-06,207.22999572753906,6.34,32.69,,
2024-08-07,209.82000732421875,6.34,33.09,,
2024-08-08,213.30999755859375,6.34,33.65,,
2024-08-09,216.24000549316406,6.34,34.11,,
2024-08-12,217.52999877929688,6.34,34.31,,
2024-08-13,221.27000427246094,6.34,34.90,,
2024-08-14,221.72000122070312,6.34,34.97,,
2024-08-15,224.72000122070312,6.34,35.44,,
2024-08-16,226.0500030517578,6.34,35.65,,
2024-08-19,225.88999938964844,6.34,35.63,,
2024-08-20,226.50999450683594,6.34,35.73,,
2024-08-21,226.39999389648438,6.34,35.71,,
2024-08-22,224.52999877929688,6.34,35.41,,
2024-08-23,226.83999633789062,6.34,35.78,,
2024-08-26,227.17999267578125,6.34,35.83,,
2024-08-27,228.02999877929688,6.34,35.97,,
2024-08-28,226.49000549316406,6.34,35.72,,
2024-08-29,229.7899932861328,6.34,36.24,,
2024-08-30,229,6.34,36.12,,
2024-09-03,222.77000427246094,6.34,35.14,,
2024-09-04,220.85000610351562,6.34,34.83,,
2024-09-05,222.3800048828125,6.34,35.08,,
2024-09-06,220.82000732421875,6.34,34.83,,
2024-09-09,220.91000366210938,6.34,34.84,,
2024-09-10,220.11000061035156,6.34,34.72,,
2024-09-11,222.66000366210938,6.34,35.12,,
2024-09-12,222.77000427246094,6.34,35.14,,
2024-09-13,222.5,6.34,35.09,,
2024-09-16,216.32000732421875,6.34,34.12,,
2024-09-17,216.7899932861328,6.34,34.19,,
2024-09-18,220.69000244140625,6.34,34.81,,
2024-09-19,228.8699951171875,6.34,36.10,,
2024-09-20,228.1999969482422,6.34,35.99,,
2024-09-23,226.47000122070312,6.34,35.72,,
2024-09-24,227.3699951171875,6.34,35.86,,
2024-09-25,226.3699951171875,6.34,35.71,,
2024-09-26,227.52000427246094,6.34,35.89,,
2024-09-27,227.7899932861328,6.34,35.93,,
2024-09-30,233,7.15,32.59,21.19,1.54
2024-10-01,226.2100067138672,7.15,31.64,21.19,1.49
2024-10-02,226.77999877929688,7.15,31.72,21.19,1.50
2024-10-03,225.6699981689453,7.15,31.56,21.19,1.49
2024-10-04,226.8000030517578,7.15,31.72,21.19,1.50
2024-10-07,221.69000244140625,7.15,31.01,21.19,1.46
2024-10-08,225.77000427246094,7.15,31.58,21.19,1.49
2024-10-09,229.5399932861328,7.15,32.10,21.19,1.52
2024-10-10,229.0399932861328,7.15,32.03,21.19,1.51
2024-10-11,227.5500030517578,7.15,31.83,21.19,1.50
2024-10-14,231.3000030517578,7.15,32.35,21.19,1.53
2024-10-15,233.85000610351562,7.15,32.71,21.19,1.54
2024-10-16,231.77999877929688,7.15,32.42,21.19,1.53
2024-10-17,232.14999389648438,7.15,32.47,21.19,1.53
2024-10-18,235,7.15,32.87,21.19,1.55
2024-10-21,236.47999572753906,7.15,33.07,21.19,1.56
2024-10-22,235.86000061035156,7.15,32.99,21.19,1.56
2024-10-23,230.75999450683594,7.15,32.27,21.19,1.52
2024-10-24,230.57000732421875,7.15,32.25,21.19,1.52
2024-10-25,231.41000366210938,7.15,32.37,21.19,1.53
2024-10-28,233.39999389648438,7.15,32.64,21.19,1.54
2024-10-29,233.6699981689453,7.15,32.68,21.19,1.54
2024-10-30,230.10000610351562,7.15,32.18,21.19,1.52
2024-10-31,225.91000366210938,7.15,31.60,21.19,1.49
2024-11-01,222.91000366210938,7.15,31.18,21.19,1.47
2024-11-04,222.00999450683594,7.15,31.05,21.19,1.47
2024-11-05,223.4499969482422,7.15,31.25,21.19,1.48
2024-11-06,222.72000122070312,7.15,31.15,21.19,1.47
2024-11-07,227.47999572753906,7.15,31.82,21.19,1.50
2024-11-08,226.9600067138672,7.15,31.74,21.19,1.50
2024-11-11,224.22999572753906,7.15,31.36,21.19,1.48
2024-11-12,224.22999572753906,7.15,31.36,21.19,1.48
2024-11-13,225.1199951171875,7.15,31.49,21.19,1.49
2024-11-14,228.22000122070312,7.15,31.92,21.19,1.51
2024-11-15,225,7.15,31.47,21.19,1.49
2024-11-18,228.02000427246094,7.15,31.89,21.19,1.51
2024-11-19,228.27999877929688,7.15,31.93,21.19,1.51
2024-11-20,229,7.15,32.03,21.19,1.51
2024-11-21,228.52000427246094,7.15,31.96,21.19,1.51
2024-11-22,229.8699951171875,7.15,32.15,21.19,1.52
2024-11-25,232.8699951171875,7.15,32.57,21.19,1.54
2024-11-26,235.05999755859375,7.15,32.88,21.19,1.55
2024-11-27,234.92999267578125,7.15,32.86,21.19,1.55
2024-11-29,237.3300018310547,7.15,33.19,21.19,1.57
2024-12-02,239.58999633789062,7.15,33.51,21.19,1.58
2024-12-03,242.64999389648438,7.15,33.94,21.19,1.60
2024-12-04,243.00999450683594,7.15,33.99,21.19,1.60
2024-12-05,243.0399932861328,7.15,33.99,21.19,1.60
2024-12-06,242.83999633789062,7.15,33.96,21.19,1.60
2024-12-09,246.75,7.15,34.51,21.19,1.63
2024-12-10,247.77000427246094,7.15,34.65,21.19,1.64
2024-12-11,246.49000549316406,7.15,34.47,21.19,1.63
2024-12-12,247.9600067138672,7.15,34.68,21.19,1.64
2024-12-13,248.1300048828125,7.15,34.70,21.19,1.64
2024-12-16,251.0399932861328,7.15,35.11,21.19,1.66
2024-12-17,253.47999572753906,7.15,35.45,21.19,1.67
2024-12-18,248.0500030517578,7.15,34.69,21.19,1.64
2024-12-19,249.7899932861328,7.15,34.94,21.19,1.65
2024-12-20,254.49000549316406,7.15,35.59,21.19,1.68
2024-12-23,255.27000427246094,7.15,35.70,21.19,1.69
2024-12-24,258.20001220703125,7.15,36.11,21.19,1.70
2024-12-26,259.0199890136719,7.15,36.23,21.19,1.71
2024-12-27,255.58999633789062,7.15,35.75,21.19,1.69
2024-12-30,252.1999969482422,7.15,35.27,21.19,1.66
2024-12-31,250.4199981689453,,,,
2025-01-02,243.85000610351562,,,,
2025-01-03,243.36000061035156,,,,
2025-01-06,245,,,,
2025-01-07,242.2100067138672,,,,
2025-01-08,242.6999969482422,,,,
2025-01-10,236.85000610351562,,,,
2025-01-13,234.39999389648438,,,,
2025-01-14,233.27999877929688,,,,
2025-01-15,237.8699951171875,,,,
2025-01-16,228.25999450683594,,,,
2025-01-17,229.97999572753906,,,,
2025-01-21,222.63999938964844,,,,
2025-01-22,223.8300018310547,,,,
2025-01-23,223.66000366210938,,,,
2025-01-24,222.77999877929688,,,,
2025-01-27,229.86000061035156,,,,
2025-01-28,238.25999450683594,,,,
2025-01-29,239.36000061035156,,,,
2025-01-30,237.58999633789062,,,,
2025-01-31,236,,,,
2025-02-03,228.00999450683594,,,,
2025-02-04,232.8000030517578,,,,
2025-02-05,232.47000122070312,,,,
2025-02-06,233.22000122070312,,,,
2025-02-07,227.6300048828125,,,,
2025-02-10,227.64999389648438,,,,
2025-02-11,232.6199951171875,,,,
2025-02-12,236.8699951171875,,,,
2025-02-13,241.52999877929688,,,,
2025-02-14,244.60000610351562,,,,
2025-02-18,244.47000122070312,,,,
2025-02-19,244.8699951171875,,,,
2025-02-20,245.8300018310547,,,,
2025-02-21,245.5500030517578,,,,
2025-02-24,247.10000610351562,,,,
2025-02-25,247.0399932861328,,,,
2025-02-26,240.36000061035156,,,,
2025-02-27,237.3000030517578,,,,
2025-02-28,241.83999633789062,,,,
2025-03-03,238.02999877929688,,,,
2025-03-04,235.92999267578125,,,,
2025-03-05,235.74000549316406,,,,
2025-03-06,235.3300018310547,,,,
2025-03-07,239.07000732421875,,,,
2025-03-10,227.47999572753906,,,,
2025-03-11,220.83999633789062,,,,
2025-03-12,216.97999572753906,,,,
2025-03-13,209.67999267578125,,,,
2025-03-14,213.49000549316406,,,,
2025-03-17,214,,,,
2025-03-18,212.69000244140625,,,,
2025-03-19,215.24000549316406,,,,
2025-03-20,214.10000610351562,,,,
2025-03-21,218.27000427246094,,,,
2025-03-24,220.72999572753906,,,,
2025-03-25,223.75,,,,
2025-03-26,221.52999877929688,,,,
2025-03-27,223.85000610351562,,,,
2025-03-28,217.89999389648438,,,,
2025-03-31,222.1300048828125,,,,
2025-04-01,223.19000244140625,,,,
2025-04-02,223.88999938964844,,,,
2025-04-03,203.19000244140625,,,,
2025-04-04,188.3800048828125,,,,
2025-04-07,181.4600067138672,,,,
2025-04-08,172.4199981689453,,,,
2025-04-09,198.85000610351562,,,,
2025-04-10,190.4199981689453,,,,
2025-04-11,198.14999389648438,,,,
2025-04-14,202.52000427246094,,,,
2025-04-15,202.13999938964844,,,,
2025-04-16,194.27000427246094,,,,
2025-04-17,196.97999572753906,,,,
2025-04-21,193.16000366210938,,,,
2025-04-22,199.74000549316406,,,,
2025-04-23,204.60000610351562,,,,
2025-04-24,208.3699951171875,,,,
2025-04-25,209.27999877929688,,,,
2025-04-28,210.13999938964844,,,,
2025-04-29,211.2100067138672,,,,
2025-04-30,212.5,,,,
2025-05-01,213.32000732421875,,,,
2025-05-02,205.35000610351562,,,,
2025-05-05,198.88999938964844,,,,
2025-05-06,198.50999450683594,,,,
2025-05-07,196.25,,,,
2025-05-08,197.49000549316406,,,,
2025-05-09,198.52999877929688,,,,
2025-05-12,210.7899932861328,,,,
2025-05-13,212.92999267578125,,,,
2025-05-14,212.3300018310547,,,,
2025-05-15,211.4499969482422,,,,
2025-05-16,211.25999450683594,,,,
2025-05-19,208.77999877929688,,,,
2025-05-20,206.86000061035156,,,,
2025-05-21,202.08999633789062,,,,
2025-05-22,201.36000061035156,,,,
2025-05-23,195.27000427246094,,,,
2025-05-27,200.2100067138672,,,,
2025-05-28,200.4199981689453,,,,
2025-05-29,199.9499969482422,,,,
2025-05-30,200.85000610351562,,,,
2025-06-02,201.6999969482422,,,,
2025-06-03,203.27000427246094,,,,
2025-06-04,202.82000732421875,,,,
2025-06-05,200.6300048828125,,,,
2025-06-06,203.9199981689453,,,,
2025-06-09,201.4499969482422,,,,
2025-06-10,202.6699981689453,,,,
2025-06-11,198.77999877929688,,,,
2025-06-12,199.1999969482422,,,,
2025-06-13,196.4499969482422,,,,
2025-06-16,198.4199981689453,,,,
2025-06-17,195.63999938964844,,,,
2025-06-18,196.5800018310547,,,,
2025-06-20,201,,,,
2025-06-23,201.5,,,,
2025-06-24,200.3000030517578,,,,
2025-06-25,201.55999755859375,,,,
2025-06-26,201,,,,
2025-06-27,201.0800018310547,,,,
2025-06-30,205.1699981689453,,,,
2025-07-01,207.82000732421875,,,,
2025-07-02,212.44000244140625,,,,
2025-07-03,213.5500030517578,,,,
2025-07-07,209.9499969482422,,,,
2025-07-08,210.00999450683594,,,,
2025-07-09,211.13999938964844,,,,
2025-07-10,212.41000366210938,,,,
2025-07-11,211.16000366210938,,,,
2025-07-14,208.6199951171875,,,,
2025-07-15,209.11000061035156,,,,
2025-07-16,210.16000366210938,,,,
2025-07-17,210.02000427246094,,,,
2025-07-18,211.17999267578125,,,,
2025-07-21,212.47999572753906,,,,
2025-07-22,214.39999389648438,,,,
2025-07-23,214.14999389648438,,,,
2025-07-24,213.75999450683594,,,,
2025-07-25,213.8800048828125,,,,
2025-07-28,214.0500030517578,,,,
2025-07-29,211.27000427246094,,,,
2025-07-30,209.0500030517578,,,,
2025-07-31,207.57000732421875,,,,
2025-08-01,202.3800048828125,,,,
2025-08-04,203.35000610351562,,,,
2025-08-05,202.9199981689453,,,,
2025-08-06,213.25,,,,
2025-08-07,220.02999877929688,,,,
2025-08-08,229.35000610351562,,,,
2025-08-11,227.17999267578125,,,,
2025-08-12,229.64999389648438,,,,
2025-08-13,233.3300018310547,,,,
2025-08-14,232.77999877929688,,,,
2025-08-15,231.58999633789062,,,,
2025-08-18,230.88999938964844,,,,
2025-08-19,230.55999755859375,,,,
2025-08-20,226.00999450683594,,,,
2025-08-21,224.89999389648438,,,,
2025-08-22,227.75999450683594,,,,
2025-08-25,227.16000366210938,,,,
2025-08-26,229.30999755859375,,,,
2025-08-27,230.49000549316406,,,,
2025-08-28,232.55999755859375,,,,
2025-08-29,232.13999938964844,,,,
2025-09-02,229.72000122070312,,,,
2025-09-03,238.47000122070312,,,,
2025-09-04,239.77999877929688,,,,
2025-09-05,239.69000244140625,,,,
2025-09-08,237.8800048828125,,,,
2025-09-09,234.35000610351562,,,,
2025-09-10,226.7899932861328,,,,
2025-09-11,230.02999877929688,,,,
2025-09-12,234.07000732421875,,,,
2025-09-15,236.6999969482422,,,,
2025-09-16,238.14999389648438,,,,
2025-09-17,238.99000549316406,,,,
2025-09-18,237.8800048828125,,,,
2025-09-19,245.5,,,,
2025-09-22,256.0799865722656,,,,
2025-09-23,254.42999267578125,,,,
2025-09-24,252.30999755859375,,,,
2025-09-25,256.8699951171875,,,,
2025-09-26,255.4600067138672,,,,
2025-09-29,254.42999267578125,,,,
2025-09-30,254.6300048828125,,,,
2025-10-01,255.4499969482422,,,,
2025-10-02,257.1300048828125,,,,
2025-10-03,258.0199890136719,,,,
2025-10-06,256.69000244140625,,,,
2025-10-07,256.4800109863281,,,,
2025-10-08,258.05999755859375,,,,
2025-10-09,254.0399932861328,,,,
2025-10-10,245.27000427246094,,,,
2025-10-13,247.66000366210938,,,,
2025-10-14,247.77000427246094,,,,
2025-10-15,249.33999633789062,,,,
2025-10-16,247.4499969482422,,,,
2025-10-17,252.2899932861328,,,,
2025-10-20,262.239990234375,,,,
2025-10-21,262.7699890136719,,,,
2025-10-22,258.45001220703125,,,,
2025-10-23,259.5799865722656,,,,
2025-10-24,262.82000732421875,,,,
2025-10-27,268.80999755859375,,,,
2025-10-28,269,,,,
2025-10-29,269.70001220703125,,,,
2025-10-30,271.3999938964844,,,,
2025-10-31,270.3699951171875,,,,
2025-11-03,269.04998779296875,,,,
2025-11-04,270.0400085449219,,,,
2025-11-05,270.1400146484375,,,,
2025-11-06,269.7699890136719,,,,
2025-11-07,268.4700012207031,,,,
2025-11-10,269.42999267578125,,,,
2025-11-11,275.25,,,,
2025-11-12,273.4700012207031,,,,
2025-11-13,272.95001220703125,,,,
2025-11-14,272.4100036621094,,,,
2025-11-17,267.4599914550781,,,,
2025-11-18,267.44000244140625,,,,
2025-11-19,268.55999755859375,,,,
2025-11-20,266.25,,,,
2025-11-21,271.489990234375,,,,
2025-11-24,275.9200134277344,,,,
2025-11-25,276.9700012207031,,,,
2025-11-26,277.54998779296875,,,,
2025-11-28,278.8500061035156,,,,
2025-12-01,283.1000061035156,,,,
2025-12-02,286.19000244140625,,,,
2025-12-03,284.1499938964844,,,,
2025-12-04,280.70001220703125,,,,
2025-12-05,278.7799987792969,,,,
2025-12-08,277.8900146484375,,,,
2025-12-09,277.17999267578125,,,,
2025-12-10,278.7799987792969,,,,
2025-12-11,278.0299987792969,,,,
