,Portfolio_Value,Daily_Return
2020-01-02,100000.0,0.0
2020-01-03,100000.0,0.0
2020-01-06,100000.0,0.0
2020-01-07,100000.0,0.0
2020-01-08,100000.0,0.0
2020-01-09,100000.0,0.0
2020-01-10,100000.0,0.0
2020-01-13,100000.0,0.0
2020-01-14,100000.0,0.0
2020-01-15,100000.0,0.0
2020-01-16,100000.0,0.0
2020-01-17,100000.0,0.0
2020-01-21,100000.0,0.0
2020-01-22,100000.0,0.0
2020-01-23,100000.0,0.0
2020-01-24,100000.0,0.0
2020-01-27,100000.0,0.0
2020-01-28,100000.0,0.0
2020-01-29,100000.0,0.0
2020-01-30,100000.0,0.0
2020-01-31,100000.0,0.0
2020-02-03,100000.0,0.0
2020-02-04,100000.0,0.0
2020-02-05,100000.0,0.0
2020-02-06,100000.0,0.0
2020-02-07,100000.0,0.0
2020-02-10,100000.0,0.0
2020-02-11,100000.0,0.0
2020-02-12,100000.0,0.0
2020-02-13,100000.0,0.0
2020-02-14,100000.0,0.0
2020-02-18,100000.0,0.0
2020-02-19,100000.0,0.0
2020-02-20,100000.0,0.0
2020-02-21,100000.0,0.0
2020-02-24,100000.0,0.0
2020-02-25,100000.0,0.0
2020-02-26,100000.0,0.0
2020-02-27,100000.0,0.0
2020-02-28,100000.0,0.0
2020-03-02,100000.0,0.0
2020-03-03,100000.0,0.0
2020-03-04,100000.0,0.0
2020-03-05,100000.0,0.0
2020-03-06,100000.0,0.0
2020-03-09,100000.0,0.0
2020-03-10,100000.0,0.0
2020-03-11,100000.0,0.0
2020-03-12,100000.0,0.0
2020-03-13,100000.0,0.0
2020-03-16,100000.0,0.0
2020-03-17,100000.0,0.0
2020-03-18,100000.0,0.0
2020-03-19,100000.0,0.0
2020-03-20,100000.0,0.0
2020-03-23,100000.0,0.0
2020-03-24,100000.0,0.0
2020-03-25,100000.0,0.0
2020-03-26,100000.0,0.0
2020-03-27,100000.0,0.0
2020-03-30,100000.0,0.0
2020-03-31,100000.0,0.0
2020-04-01,100000.0,0.0
2020-04-02,100000.0,0.0
2020-04-03,100000.0,0.0
2020-04-06,100000.0,0.0
2020-04-07,100000.0,0.0
2020-04-08,100000.0,0.0
2020-04-09,100000.0,0.0
2020-04-13,100000.0,0.0
2020-04-14,100000.0,0.0
2020-04-15,100000.0,0.0
2020-04-16,100000.0,0.0
2020-04-17,100000.0,0.0
2020-04-20,100000.0,0.0
2020-04-21,100000.0,0.0
2020-04-22,100000.0,0.0
2020-04-23,100000.0,0.0
2020-04-24,100000.0,0.0
2020-04-27,100000.0,0.0
2020-04-28,100000.0,0.0
2020-04-29,100000.0,0.0
2020-04-30,100000.0,0.0
2020-05-01,100000.0,0.0
2020-05-04,100000.0,0.0
2020-05-05,100000.0,0.0
2020-05-06,100000.0,0.0
2020-05-07,100000.0,0.0
2020-05-08,100000.0,0.0
2020-05-11,100000.0,0.0
2020-05-12,100000.0,0.0
2020-05-13,100000.0,0.0
2020-05-14,100000.0,0.0
2020-05-15,100000.0,0.0
2020-05-18,100000.0,0.0
2020-05-19,100000.0,0.0
2020-05-20,100000.0,0.0
2020-05-21,100000.0,0.0
2020-05-22,100000.0,0.0
2020-05-26,100000.0,0.0
2020-05-27,100000.0,0.0
2020-05-28,100000.0,0.0
2020-05-29,100000.0,0.0
2020-06-01,100000.0,0.0
2020-06-02,100000.0,0.0
2020-06-03,100000.0,0.0
2020-06-04,100000.0,0.0
2020-06-05,100000.0,0.0
2020-06-08,100000.0,0.0
2020-06-09,100000.0,0.0
2020-06-10,100000.0,0.0
2020-06-11,100000.0,0.0
2020-06-12,100000.0,0.0
2020-06-15,100000.0,0.0
2020-06-16,100000.0,0.0
2020-06-17,100000.0,0.0
2020-06-18,100000.0,0.0
2020-06-19,100000.0,0.0
2020-06-22,100000.0,0.0
2020-06-23,100000.0,0.0
2020-06-24,100000.0,0.0
2020-06-25,100000.0,0.0
2020-06-26,100000.0,0.0
2020-06-29,100000.0,0.0
2020-06-30,100000.0,0.0
2020-07-01,100000.0,0.0
2020-07-02,100000.0,0.0
2020-07-06,100000.0,0.0
2020-07-07,100000.0,0.0
2020-07-08,100000.0,0.0
2020-07-09,100000.0,0.0
2020-07-10,100000.0,0.0
2020-07-13,100000.0,0.0
2020-07-14,100000.0,0.0
2020-07-15,100000.0,0.0
2020-07-16,100000.0,0.0
2020-07-17,100000.0,0.0
2020-07-20,100000.0,0.0
2020-07-21,100000.0,0.0
2020-07-22,100000.0,0.0
2020-07-23,100000.0,0.0
2020-07-24,100000.0,0.0
2020-07-27,100000.0,0.0
2020-07-28,100000.0,0.0
2020-07-29,100000.0,0.0
2020-07-30,100000.0,0.0
2020-07-31,100000.0,0.0
2020-08-03,100000.0,0.0
2020-08-04,100000.0,0.0
2020-08-05,100000.0,0.0
2020-08-06,100000.0,0.0
2020-08-07,100000.0,0.0
2020-08-10,100000.0,0.0
2020-08-11,100000.0,0.0
2020-08-12,100000.0,0.0
2020-08-13,100000.0,0.0
2020-08-14,100000.0,0.0
2020-08-17,100000.0,0.0
2020-08-18,100000.0,0.0
2020-08-19,100000.0,0.0
2020-08-20,100000.0,0.0
2020-08-21,100000.0,0.0
2020-08-24,100000.0,0.0
2020-08-25,100000.0,0.0
2020-08-26,100000.0,0.0
2020-08-27,100000.0,0.0
2020-08-28,100000.0,0.0
2020-08-31,100000.0,0.0
2020-09-01,100000.0,0.0
2020-09-02,100000.0,0.0
2020-09-03,100000.0,0.0
2020-09-04,100000.0,0.0
2020-09-08,100000.0,0.0
2020-09-09,100000.0,0.0
2020-09-10,100000.0,0.0
2020-09-11,100000.0,0.0
2020-09-14,100000.0,0.0
2020-09-15,100000.0,0.0
2020-09-16,100000.0,0.0
2020-09-17,100000.0,0.0
2020-09-18,100000.0,0.0
2020-09-21,100000.0,0.0
2020-09-22,100000.0,0.0
2020-09-23,100000.0,0.0
2020-09-24,100000.0,0.0
2020-09-25,100000.0,0.0
2020-09-28,100000.0,0.0
2020-09-29,100000.0,0.0
2020-09-30,100000.0,0.0
2020-10-01,100000.0,0.0
2020-10-02,100000.0,0.0
2020-10-05,100000.0,0.0
2020-10-06,100000.0,0.0
2020-10-07,100000.0,0.0
2020-10-08,100000.0,0.0
2020-10-09,100000.0,0.0
2020-10-12,100000.0,0.0
2020-10-13,100000.0,0.0
2020-10-14,100000.0,0.0
2020-10-15,100000.0,0.0
2020-10-16,100000.0,0.0
2020-10-19,100000.0,0.0
2020-10-20,100000.0,0.0
2020-10-21,100000.0,0.0
2020-10-22,100000.0,0.0
2020-10-23,100000.0,0.0
2020-10-26,100000.0,0.0
2020-10-27,100000.0,0.0
2020-10-28,100000.0,0.0
2020-10-29,100000.0,0.0
2020-10-30,100000.0,0.0
2020-11-02,100000.0,0.0
2020-11-03,100000.0,0.0
2020-11-04,100000.0,0.0
2020-11-05,100000.0,0.0
2020-11-06,100000.0,0.0
2020-11-09,100000.0,0.0
2020-11-10,100000.0,0.0
2020-11-11,100000.0,0.0
2020-11-12,100000.0,0.0
2020-11-13,100000.0,0.0
2020-11-16,100000.0,0.0
2020-11-17,100000.0,0.0
2020-11-18,100000.0,0.0
2020-11-19,100000.0,0.0
2020-11-20,100000.0,0.0
2020-11-23,100000.0,0.0
2020-11-24,100000.0,0.0
2020-11-25,100000.0,0.0
2020-11-27,100000.0,0.0
2020-11-30,100000.0,0.0
2020-12-01,100000.0,0.0
2020-12-02,100000.0,0.0
2020-12-03,100000.0,0.0
2020-12-04,100000.0,0.0
2020-12-07,100000.0,0.0
2020-12-08,100000.0,0.0
2020-12-09,100000.0,0.0
2020-12-10,100000.0,0.0
2020-12-11,100000.0,0.0
2020-12-14,100000.0,0.0
2020-12-15,100000.0,0.0
2020-12-16,100000.0,0.0
2020-12-17,100000.0,0.0
2020-12-18,100000.0,0.0
2020-12-21,100000.0,0.0
2020-12-22,100000.0,0.0
2020-12-23,100000.0,0.0
2020-12-24,100000.0,0.0
2020-12-28,100000.0,0.0
2020-12-29,100000.0,0.0
2020-12-30,100000.0,0.0
2020-12-31,100000.0,0.0
2021-01-04,98290.47384805165,-0.017095261519483533
2021-01-05,99280.77087552098,0.01007520860058344
2021-01-06,96608.56106250192,-0.026915683565445825
2021-01-07,100326.47960077197,0.03848435891581823
2021-01-08,100888.25246271849,0.005599447565408156
2021-01-11,100286.61703390043,-0.005963384379567758
2021-01-12,99769.1227267344,-0.005160153193632101
2021-01-13,100486.94342306997,0.007194818163347572
2021-01-14,99232.64361092469,-0.012482216787751545
2021-01-15,98102.44170958851,-0.011389416428000398
2021-01-19,100047.73074902977,0.0198291602690162
2021-01-20,103144.27147699615,0.03095063431007814
2021-01-21,104998.24776538202,0.017974592886618623
2021-01-22,105205.30886790935,0.0019720434096194726
2021-01-25,106038.97572097796,0.00792418996759301
2021-01-26,106105.75348678824,0.0006297473674771181
2021-01-27,103310.35293163062,-0.026345419200153694
2021-01-28,104051.84289958606,0.0071773055353527414
2021-01-29,102221.08036620554,-0.01759471511857114
2021-02-01,105097.88525876426,0.028142970923929013
2021-02-02,106891.46274461139,0.017065780928237517
2021-02-03,107682.16394119474,0.0073972343186332395
2021-02-04,108633.80573731574,0.00883750624328732
2021-02-05,108740.39715490096,0.0009811993316607426
2021-02-08,110264.85450437346,0.01401923654279924
2021-02-09,110082.7106735355,-0.0016518756738644002
2021-02-10,110858.6175934773,0.0070483994734001024
2021-02-11,111843.4340284208,0.008883535230024654
2021-02-12,111905.69484399389,0.0005566783254997484
2021-02-16,112681.09524696032,0.006929052217114018
2021-02-17,111405.06657932383,-0.01132424800131613
2021-02-18,110658.4053119418,-0.006702220018426042
2021-02-19,110316.11159692684,-0.0030932464104289625
2021-02-22,107733.90486556722,-0.023407339997574543
2021-02-23,107706.56645533847,-0.00025375864972925237
2021-02-24,108695.11263527829,0.009178142173436887
2021-02-25,103581.03604228672,-0.04704973819891632
2021-02-26,105136.37301091276,0.01501565371475042
2021-03-01,108437.48409815526,0.0313983733003596
2021-03-02,106362.08754518202,-0.019139106465201984
2021-03-03,103273.19868621344,-0.02904125831167466
2021-03-04,101788.87810088479,-0.014372756961257751
2021-03-05,103614.89847689366,0.017939291699423834
2021-03-08,98388.94668270495,-0.05043629700948958
2021-03-09,102939.63512977073,0.04625202932338848
2021-03-10,102279.32093610974,-0.006414576784040116
2021-03-11,105571.17180559266,0.032184911273895
2021-03-12,104138.96213415665,-0.013566295106332494
2021-03-15,106556.56736857891,0.023215184642495057
2021-03-16,108061.14581015932,0.014119997281594942
2021-03-17,108596.26487044852,0.004952002463765238
2021-03-18,104932.2314627597,-0.03373995792636045
2021-03-19,106599.16901369362,0.015885848682494853
2021-03-22,108096.55951923034,0.014046924749895374
2021-03-23,107146.8511400336,-0.008785741039499029
2021-03-24,104985.17504890084,-0.020174891451617216
2021-03-25,104843.31117038638,-0.001351275343860503
2021-03-26,106625.63500714836,0.016999881221467894
2021-03-29,107231.13883300297,0.005678782835047302
2021-03-30,105893.45200331075,-0.012474798311854919
2021-03-31,108069.40968100398,0.020548557408679047
2021-04-01,110851.28355352205,0.025741547776836394
2021-04-05,113782.84374138551,0.026445884015840273
2021-04-06,113209.08950627253,-0.005042537312717088
2021-04-07,114398.3673152579,0.01050514419091293
2021-04-08,115685.52843732244,0.011251568988894789
2021-04-09,116715.2645219345,0.008901165932521592
2021-04-12,117387.12618105294,0.005756416368247686
2021-04-13,119085.98319096939,0.01447225999294157
2021-04-14,117273.70793299552,-0.015218207965480414
2021-04-15,119978.14077741078,0.023060862422465876
2021-04-16,119611.2162836798,-0.003058261207862234
2021-04-19,117955.5572223409,-0.013842005062570429
2021-04-20,116963.78257228404,-0.008408036665770792
2021-04-21,117656.92078027377,0.005926092613851375
2021-04-22,115786.05325290037,-0.01590104105195198
2021-04-23,118257.42888979011,0.021344329195605072
2021-04-26,119086.78168041442,0.007013113665757188
2021-04-27,118445.57204830281,-0.005384389627997232
2021-04-28,117811.55921458839,-0.005352777843445877
2021-04-29,118378.81039431486,0.004814902574145875
2021-04-30,116601.75027315249,-0.01501164030321851
2021-05-03,115698.03622896198,-0.007750432922949014
2021-05-04,112951.4544209868,-0.0237392258114026
2021-05-05,112723.29518181492,-0.002019976106916577
2021-05-06,113937.22722018474,0.010769131938627342
2021-05-07,114485.96425422726,0.004816134703559972
2021-05-10,110820.2503913992,-0.03201889320413101
2021-05-11,110781.8828709041,-0.00034621398489531597
2021-05-12,107917.37527984192,-0.025857184557878023
2021-05-13,108698.86582314785,0.007241563661824113
2021-05-14,111713.64541285158,0.02773515221960783
2021-05-17,111783.84531320185,0.0006283914564852999
2021-05-18,110387.43027624449,-0.012492100562874732
2021-05-19,110781.28869122299,0.003567964341527619
2021-05-20,112917.39945518564,0.019282234294245804
2021-05-21,112565.70142878046,-0.0031146486555842616
2021-05-24,115346.07657518303,0.02470002062006156
2021-05-25,115704.99889845074,0.003111699451985794
2021-05-26,115978.1569793568,0.0023608148611262703
2021-05-27,115317.38630685296,-0.005697371726828359
2021-05-28,115934.75399767919,0.005353639295842672
2021-06-01,116137.66894737048,0.0017502512637007862
2021-06-02,117025.95270004417,0.007648541259048481
2021-06-03,116220.29218485333,-0.006884460212478415
2021-06-04,118398.66137656703,0.01874344962279837
2021-06-07,118927.73645664177,0.004468590049274512
2021-06-08,119116.20528884199,0.0015847340394722791
2021-06-09,119034.02805197235,-0.0006898913264603566
2021-06-10,119859.70253579563,0.0069364575603773505
2021-06-11,120490.81287735864,0.005265408875635447
2021-06-14,122197.74230330014,0.01416646950235858
2021-06-15,121516.53458920495,-0.005574634205633711
2021-06-16,121333.88873278948,-0.0015030535312162477
2021-06-17,123912.5595030249,0.02125268378988792
2021-06-18,122784.46863993138,-0.0091039267336414
2021-06-21,123163.96687291618,0.0030907674007018666
2021-06-22,125062.5329403125,0.015414947371379653
2021-06-23,125297.99636531173,0.0018827655210822635
2021-06-24,125314.17088611345,0.00012908842336591987
2021-06-25,124553.6167260634,-0.006069179205129527
2021-06-28,127472.53763262121,0.023435055386448814
2021-06-29,127526.80985314371,0.0004257561787851086
2021-06-30,127213.62211253306,-0.0024558580346462524
2021-07-01,128047.27919688217,0.006553206099356635
2021-07-02,130090.25535919743,0.01595485804250498
2021-07-06,132015.62067878054,0.01480022707517108
2021-07-07,132110.6107642358,0.0007195367106323622
2021-07-08,130844.58435434292,-0.009583078925827172
2021-07-09,131755.9391959211,0.00696517051947787
2021-07-12,132759.01981809505,0.007613171962459919
2021-07-13,132330.6756545705,-0.0032264788043136596
2021-07-14,132316.5964787797,-0.000106393893336886
2021-07-15,130171.96444185705,-0.01620833738167229
2021-07-16,128030.81010279708,-0.01644865964987685
2021-07-19,127243.41250057476,-0.0061500634229378695
2021-07-20,128535.31833726841,0.010153027267229487
2021-07-21,130208.6942270871,0.013018802236346105
2021-07-22,131641.24886031533,0.011001989089375597
2021-07-23,134379.3617119363,0.02079980914285007
2021-07-26,134811.88378128174,0.0032186644127139897
2021-07-27,132988.74113559898,-0.013523604852526395
2021-07-28,134342.96552697523,0.010183000303728207
2021-07-29,133320.02622291102,-0.007614386805081975
2021-07-30,130765.44149928688,-0.019161297788472465
2021-08-02,130777.24975081484,9.030101066909157e-05
2021-08-03,131405.56349292968,0.0048044575284464045
2021-08-04,132472.64531751297,0.008120522420960508
2021-08-05,133479.5150518691,0.007600586007343724
2021-08-06,132818.2809461289,-0.0049538246035972355
2021-08-09,132766.55287257297,-0.0003894650133057009
2021-08-10,132019.4092283457,-0.0056274990052982195
2021-08-11,131635.84136491903,-0.0029053899397718523
2021-08-12,132870.22687950233,0.00937727522978582
2021-08-13,133531.96849488592,0.004980360393180883
2021-08-16,134049.1021272083,0.003872732785648703
2021-08-17,131791.31410428742,-0.01684299250865782
2021-08-18,129563.23857176283,-0.0169060878379397
2021-08-19,130927.14540536788,0.010526958484829785
2021-08-20,133281.26228442485,0.017980357486358668
2021-08-23,136227.32218268173,0.02210408160728483
2021-08-24,136347.92693162078,0.0008853198242956941
2021-08-25,137128.66216963503,0.005726051400882715
2021-08-26,136508.45800629875,-0.004522790155781254
2021-08-27,139093.5911611594,0.018937530997100185
2021-08-30,140881.9118271834,0.01285695948386283
2021-08-31,140104.34917218014,-0.005519251158069527
2021-09-01,140237.04524277596,0.0009471231362899512
2021-09-02,139440.5977161153,-0.0056792948345558035
2021-09-03,140092.105493095,0.004672296215382721
2021-09-07,141750.09153574164,0.011834971262733585
2021-09-08,140916.0144342791,-0.005884138009549456
2021-09-09,140715.99354389528,-0.001419433349621846
2021-09-10,138885.93920430602,-0.013005304468240018
2021-09-13,139420.43657982643,0.003848462836357736
2021-09-14,139415.36487604605,-3.637704704431157e-05
2021-09-15,140624.07147735253,0.008669823461575544
2021-09-16,140265.800931282,-0.002547718483092143
2021-09-17,138593.01958603854,-0.011925796125193488
2021-09-20,135223.31651705358,-0.024313656481761314
2021-09-21,135840.9621626599,0.004567597227423415
2021-09-22,136451.90838153858,0.004497510980135089
2021-09-23,137299.31079369175,0.006210264277020806
2021-09-24,138855.82871158732,0.01133667684781341
2021-09-27,138993.139161259,0.0009888706217501485
2021-09-28,135035.71045018232,-0.02847211549402664
2021-09-29,134880.31798405005,-0.0011507509059213382
2021-09-30,134023.54960593616,-0.00635206374747137
2021-10-01,135269.61525262712,0.00929736341377856
2021-10-04,130758.95680618683,-0.033345688446117565
2021-10-05,133604.42835653128,0.021761198007736172
2021-10-06,134640.75601978062,0.0077566864811085
2021-10-07,135624.57986801077,0.007307028550000339
2021-10-08,135355.52610085267,-0.001983812723474898
2021-10-11,134587.66545058406,-0.0056729168907113
2021-10-12,133308.8309525035,-0.00950186998042628
2021-10-13,133811.42467181513,0.003770145726434882
2021-10-14,137102.09333422722,0.024591836388281066
2021-10-15,137493.2006062153,0.002852671775292759
2021-10-18,139446.78482260174,0.014208587826692255
2021-10-19,140818.6148499492,0.00983765978608
2021-10-20,140398.61120213152,-0.0029825861322754442
2021-10-21,141564.46705894862,0.008303898783860576
2021-10-22,139234.4812263433,-0.016458832368118806
2021-10-25,140449.93070687982,0.008729514914920022
2021-10-26,142373.69472182525,0.013697151755527283
2021-10-27,142492.24369831086,0.0008326606731478238
2021-10-28,144484.69772548057,0.01398289461557094
2021-10-29,145841.56974426372,0.009391112277932722
2021-11-01,145457.60471309524,-0.002632754377519198
2021-11-02,147532.59471755518,0.014265256248050528
2021-11-03,148646.60191655098,0.007550922568185747
2021-11-04,153021.01399621676,0.029428268277007598
2021-11-05,153740.9699660322,0.004704948366328465
2021-11-08,154781.18238618237,0.006766006617364218
2021-11-09,154526.9997500615,-0.0016422063212223614
2021-11-10,151125.17786489322,-0.022014417484779503
2021-11-11,152557.95384092673,0.009480723174495755
2021-11-12,154428.18093217185,0.012259125428460173
2021-11-15,154092.5657036418,-0.0021732770955675386
2021-11-16,154840.0067305442,0.004850597583922011
2021-11-17,154489.00940795912,-0.0022668387195041717
2021-11-18,158769.9520420132,0.027710337780400884
2021-11-19,160263.7962226259,0.009408859556860105
2021-11-22,157616.24141708252,-0.016519980606634267
2021-11-23,157278.79166258787,-0.0021409580095347546
2021-11-24,158600.51458845564,0.008403694559806319
2021-11-26,154142.4248622838,-0.028108923465601145
2021-11-29,159026.49072130217,0.03168540953849641
2021-11-30,157398.34125631212,-0.01023822796821585
2021-12-01,155754.21598235547,-0.010445632786430206
2021-12-02,155504.82677357824,-0.0016011714816468459
2021-12-03,152641.2597059859,-0.01841465070252657
2021-12-06,154042.21050732958,0.00917806105663801
2021-12-07,159535.4414504881,0.03566055644791706
2021-12-08,160888.47298849848,0.00848107182773108
2021-12-09,158251.8148030556,-0.016388111195706268
2021-12-10,163148.47029693844,0.030942175923712158
2021-12-13,159553.60374268904,-0.022034325836500647
2021-12-14,157230.31993642697,-0.014561149054388302
2021-12-15,161134.26962056378,0.02482949653549849
2021-12-16,155904.4603088472,-0.032456220045752215
2021-12-17,155916.43662100477,7.681827789822763e-05
2021-12-20,154666.04040649458,-0.008019656179993518
2021-12-21,157960.28275978932,0.021299066974474725
2021-12-22,162468.38309916295,0.028539454732612147
2021-12-23,165191.71835324503,0.016762247534770583
2021-12-27,168244.71791652046,0.01848155339571509
2021-12-28,167223.53587207056,-0.006069623207764496
2021-12-29,167412.07891463896,0.0011274910650892701
2021-12-30,165967.1144801807,-0.008631183865741486
2021-12-31,164846.07436175173,-0.00675459184754843
2022-01-03,170855.82788124742,0.036456758480686836
2022-01-04,168301.91549849592,-0.014947762768306517
2022-01-05,160724.14754915945,-0.045024846727927906
2022-01-06,159859.23998086818,-0.0053813168803818374
2022-01-07,156634.2500889384,-0.020173934846154176
2022-01-10,158243.84357206253,0.010276127234051203
2022-01-11,159733.2821371763,0.00941230022914277
2022-01-12,161664.4193498185,0.012089761049195458
2022-01-13,155282.8556874586,-0.039474138391275206
2022-01-14,156571.4640861228,0.008298458918464525
2022-01-18,152444.9214111933,-0.026355649792350923
2022-01-19,148861.63075284477,-0.023505477422125765
2022-01-20,146226.52899451362,-0.017701685417555346
2022-01-21,141953.99163578567,-0.029218619823002515
2022-01-24,141938.5094085364,-0.00010906510673540631
2022-01-25,138758.69517031117,-0.022402759134752582
2022-01-26,141570.77741252483,0.020265989376465045
2022-01-27,136383.8237940384,-0.036638589638962604
2022-01-28,141782.09396899576,0.03958145493199839
2022-01-31,149314.62728038782,0.05312753606981753
2022-02-01,150161.7925234897,0.005673692246581253
2022-02-02,153086.54454753714,0.01947733824228237
2022-02-03,148352.76513941048,-0.030922243506885928
2022-02-04,150351.69726408325,0.013474181777429851
2022-02-07,149222.02673576944,-0.007513520291889942
2022-02-08,151395.85189126636,0.014567723030234393
2022-02-09,154938.60707676635,0.02340060933799162
2022-02-10,150609.20051382686,-0.027942722892780682
2022-02-11,144473.26948938632,-0.04074074494457729
2022-02-14,145955.1622438429,0.010257210622380608
2022-02-15,152320.32326036223,0.04361038635882739
2022-02-16,152298.99146305138,-0.0001400456410164397
2022-02-17,145718.43181826867,-0.04320816297972145
2022-02-18,143353.10418283442,-0.01623217877052188
2022-02-22,141096.14294853737,-0.015744069493036573
2022-02-23,136098.03874336416,-0.03542339358628819
2022-02-24,141317.3261422216,0.03834946812642386
2022-02-25,143258.7582605801,0.013738103963307682
2022-02-28,145818.16093174112,0.017865593016697837
2022-03-01,143115.23506675754,-0.018536277290239836
2022-03-02,146024.47469636425,0.020327952004897745
2022-03-03,143505.09454689684,-0.017253136193135378
2022-03-04,142436.36778784546,-0.0074473088389354295
2022-03-07,136245.1028219611,-0.04346688322680392
2022-03-08,137212.148157133,0.007097835556229982
2022-03-09,143604.12511845326,0.04658462860008768
2022-03-10,141027.77433089638,-0.01794064610213504
2022-03-11,137194.51856626582,-0.027180856982373647
2022-03-14,133204.5542230964,-0.029082534673148877
2022-03-15,139139.94476055965,0.04455846552755541
2022-03-16,144676.23625663092,0.03978937540616738
2022-03-17,146171.3736868476,0.010334367750378482
2022-03-18,150782.52796798164,0.03154621978864909
2022-03-21,151630.61219929272,0.005624552411610773
2022-03-22,155766.6587671488,0.027277121076448217
2022-03-23,154174.4451769516,-0.01022178688815143
2022-03-24,160483.9499971708,0.04092445290124158
2022-03-25,160125.67356509966,-0.0022324751607712082
2022-03-28,163624.53555187132,0.021850724551982448
2022-03-29,165676.26741454855,0.012539267755640494
2022-03-30,163502.74349454153,-0.01311910241536596
2022-03-31,161219.96320692988,-0.013961724670924781
2022-04-01,160808.26520080166,-0.0025536416082653445
2022-04-04,165206.24917654233,0.027349240850579905
2022-04-05,159662.44649200072,-0.03355685824340349
2022-04-06,154316.65130575915,-0.03348185690308463
2022-04-07,154364.85636378653,0.0003123775536825633
2022-04-08,150268.04457199265,-0.026539795963266787
2022-04-11,145152.5074086124,-0.03404274793054501
2022-04-12,145240.88899280675,0.0006088877537991258
2022-04-13,148568.9263968986,0.02291391513209953
2022-04-14,143666.07302625873,-0.033000530390466846
2022-04-18,145748.14301628264,0.014492426403576644
2022-04-19,148492.68549780524,0.01883072006767166
2022-04-20,145588.05497360704,-0.0195607649929741
2022-04-21,143650.70866291324,-0.013307041645999006
2022-04-22,140321.99955457734,-0.023172242861307233
2022-04-25,141722.39326071047,0.009979858543766219
2022-04-26,133264.53718261074,-0.05967903789587266
2022-04-27,131847.47805687095,-0.010633429985938282
2022-04-28,136765.76877549558,0.037302880503358476
2022-04-29,131668.06781639872,-0.03727322271309603
2022-05-02,135706.92019327744,0.03067450175171258
2022-05-03,136349.6423177556,0.004736104272079622
2022-05-04,141713.43366771916,0.03933850693545282
2022-05-05,133419.10614912346,-0.058528872697021186
2022-05-06,132057.79989458752,-0.010203233208701135
2022-05-09,125463.70286283834,-0.04993341579984516
2022-05-10,128206.56035844774,0.02186176107529674
2022-05-11,123243.20475624471,-0.03871374123388201
2022-05-12,122250.45014367635,-0.008055248275406868
2022-05-13,127927.09139583651,0.046434522290008974
2022-05-16,125047.81864050445,-0.022507138432647622
2022-05-17,128987.700698096,0.031507003484148394
2022-05-18,119655.4265439269,-0.07235010860463278
2022-05-19,118198.6612138907,-0.012174669984577835
2022-05-20,115278.07422800332,-0.024709137615377345
2022-05-23,116496.1697260057,0.010566584375734567
2022-05-24,113054.4353692474,-0.029543755514478565
2022-05-25,115715.74959350559,0.023540113358366345
2022-05-26,121200.39364750049,0.04739755887389348
2022-05-27,127035.67234780741,0.048145707490672644
2022-05-31,126746.85964153116,-0.0022734772126487895
2022-06-01,125442.70482242697,-0.010289444825636297
2022-06-02,129454.37437069595,0.03198009444987488
2022-06-03,124753.50365887987,-0.03631295376975849
2022-06-06,125242.49226922677,0.003919638294760564
2022-06-07,126214.5996180554,0.007761801375997512
2022-06-08,125806.54354451135,-0.0032330338548702824
2022-06-09,124364.05754746415,-0.01146590595692516
2022-06-10,120555.01018990668,-0.03062820104678348
2022-06-13,115156.52829099847,-0.04478023675999974
2022-06-14,116231.92801070824,0.00933859100885943
2022-06-15,119358.02445443124,0.026895333298050432
2022-06-16,114159.81321963298,-0.04355141816864483
2022-06-17,114852.02220597651,0.006063508399508289
2022-06-21,119781.67480042156,0.042921774469100706
2022-06-22,119088.25788228767,-0.005789006701478017
2022-06-23,120487.86280214388,0.011752669362579949
2022-06-24,124714.45445217432,0.035078982660444784
2022-06-27,123619.48762796684,-0.008779790835130408
2022-06-28,119751.3200010101,-0.03129092104473057
2022-06-29,119285.8163898845,-0.003887252442158418
2022-06-30,118222.67684707351,-0.00891253943667647
2022-07-01,118720.21205614351,0.004208458329137433
2022-07-05,120484.04563119893,0.014857062201180129
2022-07-06,121492.90254056822,0.008373365154564948
2022-07-07,124682.71879144188,0.02625516539790094
2022-07-08,125597.99129874792,0.007340812874292736
2022-07-11,121880.21577826957,-0.029600596968427897
2022-07-12,120185.92077659689,-0.013901312783651677
2022-07-13,120046.15331181265,-0.0011629271039495185
2022-07-14,120360.9839661318,0.002622580113012041
2022-07-15,121603.21833937486,0.010320905764550848
2022-07-18,120246.32260453458,-0.011158386705304115
2022-07-19,123434.19645249526,0.026511196175578178
2022-07-20,123785.46594329967,0.0028458036824470906
2022-07-21,126867.75455257275,0.024900246452882736
2022-07-22,124972.25535395255,-0.014940748382479786
2022-07-25,124449.37544735592,-0.004183967914443998
2022-07-26,122511.00072332626,-0.01557560829101652
2022-07-27,128301.90159052527,0.04726841535052802
2022-07-28,130634.23702542744,0.0181784946753619
2022-07-29,133144.78721999231,0.019218164025991236
2022-08-01,132910.08636153117,-0.0017627491346947188
2022-08-02,132263.1531249768,-0.004867450276081021
2022-08-03,134746.92673540238,0.018779029168302586
2022-08-04,134936.54918206576,0.0014072487681721312
2022-08-05,132678.2017256764,-0.016736365870319195
2022-08-08,132312.33777616188,-0.0027575287029512952
2022-08-09,131037.76207675698,-0.009633082755752875
2022-08-10,133972.36513861045,0.022395094477685663
2022-08-11,132313.0041006783,-0.012385845664628858
2022-08-12,135217.3091454593,0.021950261537188445
2022-08-15,136961.85154305334,0.012901768335867205
2022-08-16,136812.36019975648,-0.0010914816177835852
2022-08-17,136011.4507375777,-0.005854072402591615
2022-08-18,137060.37090078276,0.007711998934772746
2022-08-19,135278.14842595474,-0.013003193141204683
2022-08-22,132196.8211993104,-0.022777715858011673
2022-08-23,132543.40071232987,0.0026216932440223275
2022-08-24,132780.13352961824,0.0017860777376776493
2022-08-25,134318.615520541,0.011586688083722941
2022-08-26,129570.50525935645,-0.03534960692368399
2022-08-29,128549.11186817955,-0.007882915862158679
2022-08-30,126741.8112993241,-0.014059222522740989
2022-08-31,125837.85532192577,-0.00713226336385131
2022-09-01,126113.63835792034,0.002191574509030114
2022-09-02,124682.58340280039,-0.011347344932341907
2022-09-06,124518.62658520836,-0.0013149937474614464
2022-09-07,127248.06949457245,0.021919956750376945
2022-09-08,128021.64177186419,0.006079245684153346
2022-09-09,130498.51377011926,0.01934729131711084
2022-09-12,131705.66975125534,0.009250342753041351
2022-09-13,125519.22294670285,-0.046971757679350114
2022-09-14,126873.90398588167,0.010792618113593978
2022-09-15,125108.26165640616,-0.013916512962917828
2022-09-16,125324.3381249058,0.0017271159045680442
2022-09-19,126126.52402310622,0.006400878793398768
2022-09-20,125121.23722237916,-0.007970463060909318
2022-09-21,123373.96121573348,-0.013964663756802855
2022-09-22,122078.33156069636,-0.010501645908665846
2022-09-23,119137.4297923758,-0.024090284743598044
2022-09-26,119523.04368537483,0.0032367148902829657
2022-09-27,119701.50899733318,0.0014931456433465934
2022-09-28,121531.42900666498,0.01528735957182108
2022-09-29,117930.15530071744,-0.02963244763418378
2022-09-30,116087.69494950268,-0.015623318281202649
2022-10-03,116531.12681332756,0.0038198007464767675
2022-10-04,120292.28666738867,0.03227601034087786
2022-10-05,119401.28199309901,-0.007406997563803187
2022-10-06,118749.03438458894,-0.005462651636753458
2022-10-07,113749.72143413826,-0.042099819812088345
2022-10-10,111849.95958387088,-0.016701243979462
2022-10-11,110590.90072601075,-0.01125667691382597
2022-10-12,110512.31005603452,-0.000710643185472537
2022-10-13,112595.34138842425,0.018848862460060192
2022-10-14,108580.97516296465,-0.03565304013432562
2022-10-17,112596.62346538196,0.036982982482800256
2022-10-18,113368.58941195632,0.006856031049738198
2022-10-19,113046.90338370735,-0.002837523426175914
2022-10-20,111003.25696708752,-0.018077862864436134
2022-10-21,114239.36842827521,0.029153301890476734
2022-10-24,115940.37628822715,0.014889857002491258
2022-10-25,118207.41747128886,0.019553508929674692
2022-10-26,114533.86320931591,-0.03107718906781132
2022-10-27,113093.82119164226,-0.012573067713972997
2022-10-28,116868.43838164289,0.03337598067010559
2022-10-31,115399.39535987683,-0.012570057768452481
2022-11-01,114738.82510550306,-0.005724208972791822
2022-11-02,110932.30554871738,-0.033175514506842446
2022-11-03,109516.41373713387,-0.012763566073741229
2022-11-04,109849.3707649788,0.0030402477261909366
2022-11-07,109575.64797272255,-0.00249180118511445
2022-11-08,109591.80461055871,0.0001474473401259944
2022-11-09,106332.74611561438,-0.0297381588570933
2022-11-10,112858.27335607368,0.06136893364311473
2022-11-11,114077.34699096704,0.01080181008127883
2022-11-14,112636.59697935353,-0.012629589043016455
2022-11-15,114605.7162914973,0.017482056142948954
2022-11-16,113020.618588935,-0.013830878195731856
2022-11-17,112972.28109317705,-0.0004276874110355827
2022-11-18,113089.70620642853,0.0010394152628877109
2022-11-21,111575.3660597795,-0.013390609963075041
2022-11-22,113085.78005832412,0.013537163729629943
2022-11-23,115279.41947736211,0.01939801288815093
2022-11-25,114467.08985505231,-0.007046614443346622
2022-11-28,113395.77102068807,-0.009359186432719048
2022-11-29,112377.35380534195,-0.008981086386019955
2022-11-30,117267.77902631293,0.04351788910639498
2022-12-01,115956.91666046064,-0.01117836780688195
2022-12-02,115023.17120726968,-0.008052520540237418
2022-12-05,112350.78934215954,-0.023233421901527572
2022-12-06,110725.00550453417,-0.014470604498150186
2022-12-07,109503.97577715147,-0.011027587867969714
2022-12-08,110392.90654679021,0.0081177944757711
2022-12-09,111589.95904971987,0.010843563598194585
2022-12-12,111365.29732985733,-0.002013278988322197
2022-12-13,111192.8225949691,-0.0015487296224547357
2022-12-14,110131.46137835506,-0.009545231354366778
2022-12-15,107324.36617935747,-0.025488585767093674
2022-12-16,105815.05660191395,-0.014063065370646635
2022-12-19,105351.18984314673,-0.0043837500414739775
2022-12-20,103378.06625185297,-0.018729010979671633
2022-12-21,104826.27247183234,0.014008834489621825
2022-12-22,101847.52352111429,-0.028416053346917148
2022-12-23,101715.28586833029,-0.0012983884949991698
2022-12-27,99060.8574773101,-0.02609665173095368
2022-12-28,98417.93027433917,-0.006490224487691211
2022-12-29,101211.8791303942,0.028388616263997073
2022-12-30,101387.57674570597,0.0017359386746039094
2023-01-03,97658.44502156744,-0.03678095328672969
2023-01-04,99192.862124731,0.015712077975690433
2023-01-05,97737.4644474274,-0.014672403297260408
2023-01-06,101975.73601972409,0.04336383797409056
2023-01-09,102496.21898609369,0.005103988327859809
2023-01-10,102304.76240033659,-0.0018679380337246478
2023-01-11,103749.9979496543,0.014126767077198645
2023-01-12,103586.10826460426,-0.0015796596461578273
2023-01-13,103554.04071888501,-0.0003095738053729307
2023-01-17,105443.84290775708,0.018249429725318622
2023-01-18,103867.65623959244,-0.014948114794559377
2023-01-19,102543.45664683614,-0.012748911843180012
2023-01-20,104715.01014990227,0.02117690951793292
2023-01-23,107678.36306983564,0.028299218189362145
2023-01-24,108220.00690374718,0.005030201225851184
2023-01-25,108326.67596253926,0.0009856685639185957
2023-01-26,111612.68846635355,0.030334287234573987
2023-01-27,114235.47749941723,0.023499022101365587
2023-01-30,111945.1261392641,-0.020049387548319357
2023-01-31,113718.55024643321,0.015841905479322762
2023-02-01,116310.0128580166,0.022788389457723348
2023-02-02,118470.10789874634,0.01857187517782013
2023-02-03,117297.72277054406,-0.009896041701964875
2023-02-06,118299.48726680833,0.0085403575841273
2023-02-07,120067.5290099795,0.014945472579974984
2023-02-08,119394.41782183251,-0.005606105111824601
2023-02-09,119815.34818529831,0.003525544754478638
2023-02-10,118759.95143078081,-0.008808527208762042
2023-02-13,120064.22085779085,0.010982401148675236
2023-02-14,121566.12865106306,0.012509203679013915
2023-02-15,122591.38150857434,0.008433704921657093
2023-02-16,119839.98498337231,-0.02244363748368055
2023-02-17,120278.15862046096,0.0036563225299924397
2023-02-21,117659.15319973846,-0.021774571965196145
2023-02-22,117537.90066888474,-0.0010305405704209127
2023-02-23,118120.00698235827,0.004952498812390572
2023-02-24,116489.88922325936,-0.013800522034699747
2023-02-27,118078.41715039282,0.01363661634263347
2023-02-28,117689.0618644677,-0.0032974297532224694
2023-03-01,116460.60378323909,-0.010438166995020539
2023-03-02,116525.5719283411,0.0005578551286145022
2023-03-03,118559.18958242901,0.017452114762745153
2023-03-06,118672.89745020763,0.0009590810141254739
2023-03-07,117367.22608440835,-0.011002270896327705
2023-03-08,116985.55464963069,-0.0032519421946903826
2023-03-09,114839.65553916903,-0.018343282782977612
2023-03-10,113914.83297158232,-0.008053163893993843
2023-03-13,114864.77718088866,0.008339073889906158
2023-03-14,117697.24253577554,0.024659128972377077
2023-03-15,118120.28264653828,0.003594307747984549
2023-03-16,120016.1825284134,0.016050587074434765
2023-03-17,119368.89622579269,-0.005393325208185607
2023-03-20,120094.44673550449,0.006078220815072123
2023-03-21,122154.15095418468,0.017150703256216884
2023-03-22,120630.81828156242,-0.012470576404674173
2023-03-23,121453.77620806357,0.006822120070347904
2023-03-24,122213.0678801791,0.006251692584796899
2023-03-27,121622.70994498298,-0.004830563093096596
2023-03-28,120779.96773524254,-0.00692915171945825
2023-03-29,122243.53386157831,0.012117623094121078
2023-03-30,123103.11236975387,0.0070316889656421916
2023-03-31,125779.9196268559,0.02174443200966323
2023-04-03,124219.97141573808,-0.012402203910971066
2023-04-04,123571.12515110185,-0.005223365109823597
2023-04-05,122423.80280821426,-0.0092847122779262
2023-04-06,122287.14649201253,-0.001116256096176005
2023-04-10,122456.84954622247,0.001387742367682221
2023-04-11,122178.72200133713,-0.002271228975071393
2023-04-12,120722.84676953976,-0.011915947457540432
2023-04-13,122937.76311872812,0.018347118283390574
2023-04-14,121878.26962017853,-0.008618128975767725
2023-04-17,122937.18032424392,0.00868826499888269
2023-04-18,122934.08526962745,-2.5175903728302373e-05
2023-04-19,122471.7509778233,-0.0037608307800893748
2023-04-20,120381.19927687358,-0.017069664508416092
2023-04-21,120702.9652511393,0.0026728922472824437
2023-04-24,120311.91894318379,-0.0032397406902298976
2023-04-25,119174.51811754837,-0.009453766805702158
2023-04-26,119100.92417605328,-0.0006175308501983109
2023-04-27,121410.97364752344,0.019395730868179407
2023-04-28,122794.80263424534,0.011397890529561085
2023-05-01,122368.74323770717,-0.0034696859101376767
2023-05-02,121211.56620687452,-0.009456475568967582
2023-05-03,121062.89044317394,-0.0012265806667892231
2023-05-04,120906.19639457087,-0.0012943194072886576
2023-05-05,123446.93527359019,0.021014132896280603
2023-05-08,123631.33426422263,0.0014937510617315966
2023-05-09,123132.8747412755,-0.0040318219156467725
2023-05-10,124163.50427641554,0.00837005988291575
2023-05-11,125614.57472491391,0.011686771060101143
2023-05-12,124614.64227120973,-0.00796032192835867
2023-05-15,125230.055266392,0.0049385287632803376
2023-05-16,125702.8786921496,0.0037756385617797373
2023-05-17,128113.16936177375,0.019174506540355643
2023-05-18,130337.77797359787,0.017364402292961302
2023-05-19,130475.11308497668,0.0010536861492807187
2023-05-22,130890.36127036488,0.003182585364902169
2023-05-23,130523.36023966283,-0.0028038812571079545
2023-05-24,130350.34482188472,-0.0013255513607710603
2023-05-25,132283.94220729024,0.014833849408282475
2023-05-26,138701.40403757745,0.0485127803360364
2023-05-30,139639.43155159225,0.006762927315145606
2023-05-31,140284.53826374855,0.004619803339130169
2023-06-01,143731.16553054718,0.024568832099790414
2023-06-02,144946.01976760884,0.00845226734631497
2023-06-05,145459.90824184788,0.003545378307475833
2023-06-06,145430.39932155918,-0.00020286634747257448
2023-06-07,142699.606748876,-0.018777316059245423
2023-06-08,145927.96659156904,0.02262346698946658
2023-06-09,147198.79976103723,0.008708633438476387
2023-06-12,149747.6094008909,0.01731542406589881
2023-06-13,151972.1848147835,0.014855498680697979
2023-06-14,153652.679282332,0.011057908192848577
2023-06-15,154847.5127223781,0.007776196585876783
2023-06-16,155006.48856751327,0.0010266606310958878
2023-06-20,157789.40226391307,0.017953530346490568
2023-06-21,154999.64414451394,-0.01768026292876812
2023-06-22,157599.30866301936,0.016772067657662638
2023-06-23,156059.4167866844,-0.009770930401906597
2023-06-26,151212.13258235532,-0.03106050441643493
2023-06-27,154876.0081101482,0.024230036738602266
2023-06-28,154418.42177645682,-0.0029545333668849153
2023-06-29,153699.08975053526,-0.004658330383423448
2023-06-30,156733.63722265125,0.019743431643227494
2023-07-03,156896.54399303682,0.0010393861411778006
2023-07-05,157951.08047946973,0.006721221893069163
2023-07-06,156830.35490213946,-0.007095396713515645
2023-07-07,156007.70486718317,-0.005245477098292751
2023-07-10,155841.28088048316,-0.001066767739719521
2023-07-11,156957.53977415944,0.007162793371368203
2023-07-12,160078.29072335525,0.019882771822788217
2023-07-13,163658.26534872942,0.02236389837245949
2023-07-14,163535.2864602079,-0.0007514370768837208
2023-07-17,164088.33528290995,0.003381831742084928
2023-07-18,164618.48147074095,0.0032308584697195776
2023-07-19,165728.312641842,0.006741838226094355
2023-07-20,162606.29097842373,-0.018838191336475685
2023-07-21,161063.45946457444,-0.009488141599970513
2023-07-24,161175.54340933013,0.0006958992755297545
2023-07-25,162491.57764171052,0.008165222865345666
2023-07-26,162633.02252725934,0.0008704751815549198
2023-07-27,163639.98767850746,0.006191640145403565
2023-07-28,167098.18839149326,0.021132980771056565
2023-07-31,166090.6449810894,-0.00602964891542277
2023-08-01,165460.6142131903,-0.003793294727531627
2023-08-02,161598.80648954163,-0.02333974004637056
2023-08-03,161653.06672782588,0.00033577128113109183
2023-08-04,163671.51700191922,0.012486309817380638
2023-08-07,166727.1004035807,0.0186689990881288
2023-08-08,164756.65598530776,-0.011818381136019764
2023-08-09,161406.22622181842,-0.0203356261600024
2023-08-10,161469.7346214857,0.00039346932986348296
2023-08-11,159852.36232862837,-0.010016566241647441
2023-08-14,163465.14098248928,0.02260072107307161
2023-08-15,161687.66977252267,-0.010873701874805276
2023-08-16,159628.40494784713,-0.01273606594474832
2023-08-17,158084.84078237286,-0.009669733691685911
2023-08-18,157022.10770740084,-0.006722548915585325
2023-08-21,160789.00270134528,0.023989583689475083
2023-08-22,159474.44579570182,-0.008175664277768991
2023-08-23,162776.07489907488,0.020703185936151367
2023-08-24,160287.03115107727,-0.015291213709022535
2023-08-25,160144.27792986293,-0.0008906099276352773
2023-08-28,161644.91239862525,0.009370515688481285
2023-08-29,165281.4551369044,0.022497106059925144
2023-08-30,165674.52165848805,0.002378164696445073
2023-08-31,166267.18932828322,0.003577301228108154
2023-09-01,165168.2730951297,-0.006609339086040555
2023-09-05,165219.94962702206,0.0003128720239303775
2023-09-06,163432.11931723147,-0.010820910633531544
2023-09-07,163916.11823801632,0.00296146756712734
2023-09-08,163693.86839044996,-0.001355875492632408
2023-09-11,166250.66287628218,0.015619366265654168
2023-09-12,164445.28840673668,-0.010859352006848866
2023-09-13,166702.8416924583,0.013728294118940144
2023-09-14,168097.7752690027,0.008367785230187375
2023-09-15,164193.14054140032,-0.02322835457729224
2023-09-18,164501.1523171074,0.001875911348619308
2023-09-19,163654.22464154163,-0.005148460443201919
2023-09-20,160546.38097106325,-0.018990305183294788
2023-09-21,156448.44432332093,-0.02552493941598693
2023-09-22,157139.2491114652,0.004415542712055509
2023-09-25,158347.65190787692,0.007690012541389747
2023-09-26,155698.93302739778,-0.01672723812804053
2023-09-27,155930.3579498251,0.0014863616463356654
2023-09-28,157447.86367191147,0.009731945350722882
2023-09-29,157287.7127654587,-0.0010171678593650533
2023-10-02,160232.81985970685,0.018724330352745098
2023-10-03,156875.47596683374,-0.02095291024530843
2023-10-04,159205.64426323186,0.014853617380519024
2023-10-05,159519.51588911485,0.001971485542083018
2023-10-06,162970.05330181916,0.02163081672779685
2023-10-09,163475.39747577804,0.0031008406987693914
2023-10-10,164328.29595486063,0.005217289526449798
2023-10-11,167111.34766358952,0.016935925079472548
2023-10-12,166757.66041742446,-0.002116476535615419
2023-10-13,163359.20206286627,-0.02037962361699741
2023-10-16,165570.43345900904,0.013536007572391286
2023-10-17,163901.6207657529,-0.010079170890552259
2023-10-18,160402.62764176656,-0.021348130101697137
2023-10-19,159858.81144191042,-0.0033903197712612967
2023-10-20,157117.99817906957,-0.017145212316537362
2023-10-23,159448.7438882403,0.01483436484796825
2023-10-24,160935.7228536556,0.009325749009710348
2023-10-25,152915.8672306399,-0.04983266288435169
2023-10-26,148688.89153547483,-0.027642492383014864
2023-10-27,151923.6000471454,0.02175487676494512
2023-10-30,155152.35185964638,0.021252470396297875
2023-10-31,154804.19823035374,-0.0022439468375417657
2023-11-01,159294.3367116568,0.029005275907450303
2023-11-02,160801.15767345528,0.009459350488561481
2023-11-03,163238.34556375182,0.01515653198993645
2023-11-06,164808.5537763703,0.009619113739456743
2023-11-07,166523.3189375948,0.010404588365912426
2023-11-08,167393.06092148952,0.005222944086411641
2023-11-09,166757.55543843601,-0.003796486422765089
2023-11-10,170730.9076587763,0.02382711961622146
2023-11-13,170340.19980303748,-0.002288442444877625
2023-11-14,173298.08595247666,0.017364580720577782
2023-11-15,172046.39172860864,-0.007222781584623306
2023-11-16,173722.6986242932,0.00974334235575729
2023-11-17,173260.1303010009,-0.0026626821190055554
2023-11-20,175729.54920092976,0.014252666759737354
2023-11-21,174338.70936279563,-0.007914661162328774
2023-11-22,175462.61401485742,0.00644667300893571
2023-11-24,173962.5470242803,-0.008549211460226424
2023-11-27,174211.01780626082,0.0014283004372533936
2023-11-28,174766.6208855549,0.0031892533910337305
2023-11-29,173216.23370189482,-0.008871185903830759
2023-11-30,171023.40333865254,-0.012659496840325947
2023-12-01,170426.10014324274,-0.0034925231503377236
2023-12-04,167341.7442088848,-0.018097908311963673
2023-12-05,169163.5718243574,0.010886868809007643
2023-12-06,167169.95943197035,-0.011785116446092992
2023-12-07,171453.44351186135,0.025623527662780532
2023-12-08,172713.3453596825,0.007348361292807892
2023-12-11,170234.78195370437,-0.014350734743840677
2023-12-12,172379.44602693783,0.012598271919640424
2023-12-13,173074.89117523053,0.004034385562325005
2023-12-14,171826.0049913043,-0.007215871553903041
2023-12-15,173607.43250549625,0.010367624587920022
2023-12-18,177423.03570326595,0.021978340113110752
2023-12-19,177894.5981739469,0.0026578424205840447
2023-12-20,176516.08608321316,-0.007749038503045669
2023-12-21,178855.36530189306,0.013252498798195143
2023-12-22,178942.32739628103,0.00048621462510320965
2023-12-26,179430.14881266066,0.0027261376527158766
2023-12-27,179469.54893941837,0.0002195847633099879
2023-12-28,179684.63464268262,0.0011984523532561299
2023-12-29,178844.35862653278,-0.004676393269913337
2024-01-02,175737.14402606446,-0.01737384742985857
2024-01-03,174938.26593932736,-0.004545869293395488
2024-01-04,173715.59419802032,-0.006989161203478902
2024-01-05,174969.4866579288,0.0072180765676060025
2024-01-08,180278.32302385435,0.030341498208224536
2024-01-09,181969.4571420925,0.009380684764936587
2024-01-10,185712.70910823563,0.02057077063883397
2024-01-11,186433.67848905802,0.003882175777222785
2024-01-12,187230.94764652353,0.004276422392815205
2024-01-16,187450.32698449978,0.001171704468379043
2024-01-17,186624.27453100943,-0.004406780541698719
2024-01-18,189504.76333662868,0.01543469526061374
2024-01-19,193506.84137951102,0.021118614500329036
2024-01-22,192992.00909312398,-0.0026605379051034776
2024-01-23,194298.96904417835,0.006772093607376739
2024-01-24,196827.20587595456,0.01301209596846271
2024-01-25,198526.58458891785,0.008633860880158294
2024-01-26,198582.21533873107,0.00028021813767855567
2024-01-29,201656.60452350497,0.015481694468609808
2024-01-30,200544.5142201758,-0.005514772531040668
2024-01-31,193705.53410376777,-0.034102055311767535
2024-02-01,197026.48519000335,0.0171443273502788
2024-02-02,211158.03837931275,0.07172412975687803
2024-02-05,211242.42913802425,0.00039965686061132
2024-02-06,209954.41702422447,-0.006097317281644177
2024-02-07,214130.86917281646,0.01989218520756393
2024-02-08,213830.26638432732,-0.0014038274334304823
2024-02-09,217920.1666816185,0.01912685405320589
2024-02-12,216557.82562185827,-0.006251560286986102
2024-02-13,213110.9430577991,-0.015916684396702154
2024-02-14,216615.40003327894,0.016444284489555108
2024-02-15,215321.3209193549,-0.005974086393327483
2024-02-16,213324.74168381945,-0.009272557064997966
2024-02-20,210762.3812633958,-0.012011548216106439
2024-02-21,210016.89638062744,-0.003537087018563967
2024-02-22,221465.39488617275,0.054512273549631333
2024-02-23,221354.52468879474,-0.0005006208641987975
2024-02-26,218966.60376858615,-0.010787766473559947
2024-02-27,219345.12297223124,0.001728661801071496
2024-02-28,217633.71426266004,-0.0078023558781739055
2024-02-29,221196.03235593575,0.016368411049477238
2024-03-01,224208.05446689483,0.013616980733688222
2024-03-04,223990.3778511455,-0.0009708688488775374
2024-03-05,221231.84958079417,-0.012315387369829532
2024-03-06,222529.80086483003,0.005866927779590969
2024-03-07,228604.3800841238,0.027297823463130658
2024-03-08,225154.93898829035,-0.015089129502086053
2024-03-11,221954.98236647615,-0.014212242628089289
2024-03-12,228949.38940872255,0.031512728246386866
2024-03-13,228767.84613796938,-0.0007929406198548651
2024-03-14,229706.87006239645,0.004104702388379989
2024-03-15,226248.8724247048,-0.015053958276268944
2024-03-18,229967.843804666,0.01643752448401199
2024-03-19,231012.34337806562,0.004541937499256732
2024-03-20,233926.89083022415,0.012616414385220587
2024-03-21,234781.4335802486,0.003653033419935503
2024-03-22,237544.76519807827,0.011769804688943442
2024-03-25,236643.38755824522,-0.0037945590553487784
2024-03-26,234438.92318169092,-0.009315554511370805
2024-03-27,233516.42565872267,-0.003934916226574247
2024-03-28,232870.98728457902,-0.0027639956046900506
2024-04-01,235413.70698590286,0.010919005973966469
2024-04-02,234742.2784985348,-0.002852121467201818
2024-04-03,235444.9071478014,0.002993191741005296
2024-04-04,232249.3600757031,-0.01357237712554258
2024-04-05,236655.8952515142,0.01897329307764184
2024-04-08,236342.376366678,-0.0013247879775104775
2024-04-09,236107.1574291104,-0.0009952465621428485
2024-04-10,236780.1109466008,0.0028502038007569563
2024-04-11,240645.492106114,0.016324771299667674
2024-04-12,236994.02409860154,-0.015173639761771619
2024-04-15,232913.15018881657,-0.01721931143752018
2024-04-16,233574.26781785046,0.0028384727461629564
2024-04-17,231601.54755584986,-0.00844579448083298
2024-04-18,233064.36383476705,0.006316090260858287
2024-04-19,225211.11301007884,-0.03369563109294478
2024-04-22,229147.66374172384,0.01747938047563773
2024-04-23,232006.09569968117,0.012474192017855934
2024-04-24,231387.20131972726,-0.002667578099995539
2024-04-25,226350.0942479937,-0.021769168921203064
2024-04-26,235239.3777640711,0.03927227662798374
2024-04-29,233032.82607303406,-0.00938002689860049
2024-04-30,229508.08073716384,-0.015125531433779859
2024-05-01,229840.40903928026,0.0014480026195548006
2024-05-02,233959.63007676287,0.017922092353997863
2024-05-03,237407.43713661155,0.01473676060573963
2024-05-06,241430.96674899777,0.016947782516480107
2024-05-07,242389.63556542576,0.003970778186978286
2024-05-08,241874.36296424028,-0.0021258029452600803
2024-05-09,242000.99582075505,0.000523548072490354
2024-05-10,242278.4923133583,0.0011466750029772489
2024-05-13,241930.75882812677,-0.0014352635345846964
2024-05-14,243037.46237234288,0.004574463989518507
2024-05-15,246005.44921394717,0.012212054934383843
2024-05-16,245868.1691301781,-0.0005580367597861407
2024-05-17,245321.4844365206,-0.002223487064598517
2024-05-20,245648.314322366,0.0013322513786188988
2024-05-21,245884.94790927743,0.0009633023029862463
2024-05-22,245856.0185591007,-0.00011765401023007245
2024-05-23,248119.42470955892,0.009206226325975208
2024-05-24,250696.44051509834,0.010386191280896307
2024-05-28,253868.34254292367,0.012652361642263823
2024-05-29,252858.80098683,-0.003976634289968462
2024-05-30,248136.8808528254,-0.018674137959906627
2024-05-31,247743.99891181954,-0.0015833274749627703
2024-06-03,251779.06727013207,0.016287249644940084
2024-06-04,253158.00318449546,0.0054767694920561105
2024-06-05,261836.1305280589,0.034279490414683964
2024-06-06,262112.53296334736,0.0010556313780340832
2024-06-07,261309.1486933287,-0.0030650356964464277
2024-06-10,264985.5753590942,0.014069261195596818
2024-06-11,266412.6166510988,0.005385354618155436
2024-06-12,269960.65731943183,0.013317840246956415
2024-06-13,276300.935187347,0.023485932842477308
2024-06-14,279638.1151084496,0.012078062344739338
2024-06-17,282819.1278752245,0.011375462052236007
2024-06-18,282123.2341004935,-0.0024605612072958966
2024-06-20,279653.3004261903,-0.008754804198165945
2024-06-21,276585.0427628936,-0.010971648318187845
2024-06-24,270149.6608025517,-0.02326728118070622
2024-06-25,276352.88288989005,0.022962168706449716
2024-06-26,279264.8068323457,0.01053697689709241
2024-06-27,280401.4381344941,0.004070084286813813
2024-06-28,276919.17293307267,-0.012418856424520898
2024-07-01,279914.52130504075,0.010816688278539566
2024-07-02,281435.4536852735,0.005433560120931569
2024-07-03,283221.18226852606,0.006345073301423842
2024-07-05,288237.6261249904,0.01771210689922278
2024-07-08,286717.1513570124,-0.005275073863252878
2024-07-09,288134.6401144401,0.004943857563870302
2024-07-10,291595.43051752774,0.012011018188278433
2024-07-11,282983.9375016734,-0.029532331835826445
2024-07-12,282798.52484545286,-0.000655205584661255
2024-07-15,281215.9678934737,-0.005596058016370576
2024-07-16,279192.5538268216,-0.007195231770830813
2024-07-17,271710.1932059668,-0.026800000638612948
2024-07-18,272713.40663318406,0.0036922185928327965
2024-07-19,270881.2107567227,-0.00671839312588598
2024-07-22,275171.4284737867,0.015838004064877745
2024-07-23,275640.9181574834,0.001706171626540942
2024-07-24,264995.8798806535,-0.0386192236914114
2024-07-25,262147.37447834667,-0.010749244115001935
2024-07-26,265147.86667048314,0.011445822023230903
2024-07-29,265607.506771904,0.001733523664333703
2024-07-30,261375.27087003086,-0.015934172769852054
2024-07-31,271132.348737967,0.03732976664340946
2024-08-01,268878.3635467128,-0.008313228582815024
2024-08-02,259759.38835555405,-0.03391487165747525
2024-08-05,249000.33865221133,-0.04141929102718676
2024-08-06,253349.53558018434,0.017466630573734855
2024-08-07,250545.1746765755,-0.011069137731737788
2024-08-08,258180.53129496917,0.03047496974647399
2024-08-09,260201.7450079901,0.007828683684563797
2024-08-12,261758.998037573,0.005984790876537271
2024-08-13,269061.85169694317,0.02789915041744582
2024-08-14,268866.4687578584,-0.0007261636603348217
2024-08-15,275437.7109668137,0.024440541951229158
2024-08-16,275260.50744462817,-0.0006433524355236252
2024-08-19,279866.3314690094,0.016732600208941142
2024-08-20,279225.3872244234,-0.0022901798913135714
2024-08-21,280520.68545955524,0.0046388985185318084
2024-08-22,275034.300520993,-0.019557862300151906
2024-08-23,278190.1582069473,0.011474414936523257
2024-08-26,275470.59468505427,-0.009775915652163137
2024-08-27,274867.4065438662,-0.0021896643519346165
2024-08-28,271691.13646806974,-0.011555644649666786
2024-08-29,268769.5417406728,-0.0107533678329633
2024-08-30,272950.95609920344,0.01555761985323909
2024-09-03,263043.9339434771,-0.03629597894548373
2024-09-04,261554.85725304572,-0.005660942900707001
2024-09-05,263666.8437042479,0.008074736112275405
2024-09-06,250314.46070305473,-0.05064111518007324
2024-09-09,254438.52949594273,0.016475551517498375
2024-09-10,259074.99805008926,0.018222352421748637
2024-09-11,269843.13837031095,0.04156379581691541
2024-09-12,276459.70016615046,0.02452002980620338
2024-09-13,278229.0278911959,0.006399948071932804
2024-09-16,276634.3759451381,-0.005731436285222524
2024-09-17,276899.67062054673,0.0009590083463135949
2024-09-18,275768.6481119606,-0.004084593188758423
2024-09-19,284097.58480420127,0.030202623645814518
2024-09-20,285699.581177502,0.005638894728390164
2024-09-23,286825.8141246439,0.00394201819442721
2024-09-24,289800.5698352367,0.010371297017569114
2024-09-25,291091.2865409582,0.004453810102772837
2024-09-26,292178.1610655668,0.0037337927133578976
2024-09-27,288576.1400609365,-0.012328166456705291
2024-09-30,289213.7268844295,0.002209423216203432
2024-10-01,285844.5520161347,-0.011649429315093163
2024-10-02,286973.39050725865,0.0039491341820650835
2024-10-03,289446.8958325677,0.008619284599651555
2024-10-04,295196.6460642413,0.019864611831939084
2024-10-07,291643.58798754355,-0.012036241346470324
2024-10-08,297816.39302840503,0.021165577763791403
2024-10-09,299075.6077685702,0.004228157917570119
2024-10-10,299848.7137177497,0.002584984963995263
2024-10-11,300239.67636008735,0.001303866331425097
2024-10-14,302244.42683483637,0.006677167052180733
2024-10-15,297119.614926045,-0.016955852461729082
2024-10-16,297941.730972986,0.0027669531247393577
2024-10-17,299474.20739257004,0.005143544056683202
2024-10-18,299999.81728067895,0.0017551090382215142
2024-10-21,302643.4735657376,0.008812192984055112
2024-10-22,303705.1103063567,0.003507879182428653
2024-10-23,295634.89114104846,-0.02657254979070829
2024-10-24,296200.76257702126,0.0019140888065975804
2024-10-25,299207.91332651,0.01015240718263444
2024-10-28,299653.6653924786,0.0014897736527514252
2024-10-29,305887.95534355147,0.02080498479105
2024-10-30,306353.18843597005,0.0015209264839997506
2024-10-31,295380.40446579584,-0.035817430287550606
2024-11-01,299932.0324017405,0.015409376746491944
2024-11-04,298033.73851740913,-0.00632908018903664
2024-11-05,304174.71958148974,0.02060498618253548
2024-11-06,313330.1562324614,0.030099268813557224
2024-11-07,320777.90067769215,0.023769638182241253
2024-11-08,318501.00900131464,-0.007098031602448929
2024-11-11,315475.0682107906,-0.009500568930730148
2024-11-12,317096.77412662003,0.005140520057660725
2024-11-13,315378.86878531246,-0.00541760585877662
2024-11-14,312182.97262911685,-0.010133513917735449
2024-11-15,301904.91682812345,-0.0329231787193085
2024-11-18,302178.0134602634,0.0009045782858029482
2024-11-19,307592.87822359276,0.017919453177030722
2024-11-20,305569.3480056579,-0.006578599054767253
2024-11-21,301636.49982132285,-0.012870558549158464
2024-11-22,297962.57992973755,-0.012179957975117795
2024-11-25,298677.7733173423,0.0024002792155089613
2024-11-26,302359.65743110917,0.012327278568047096
2024-11-27,298765.73835509375,-0.011886238748085254
2024-11-29,302015.45903984585,0.010877153125535633
2024-12-02,307506.6615427733,0.01818185903590788
2024-12-03,311738.4563033239,0.013761636054710214
2024-12-04,317295.8152324958,0.0178269918798998
2024-12-05,316795.8942862309,-0.0015755674114344756
2024-12-06,323184.2496169641,0.020165524383220612
2024-12-09,320318.5387175172,-0.008867111880740675
2024-12-10,319922.6349320467,-0.0012359690046527712
2024-12-11,332572.332653707,0.039539864768703
2024-12-12,328967.25338404387,-0.010839985518028561
2024-12-13,341305.7556799961,0.03750677968408008
2024-12-16,352398.49280310853,0.03250087916335304
2024-12-17,347259.5807073409,-0.01458267331080454
2024-12-18,333485.7334098258,-0.03966441262602116
2024-12-19,333516.51367437735,9.22985947157339e-05
2024-12-20,336680.37369719596,0.009486366920672352
2024-12-23,345734.747774423,0.026893085503612916
2024-12-24,350850.7813683185,0.014797568444677901
2024-12-26,351065.3578053223,0.0006115888816519146
2024-12-27,346115.2333991252,-0.014100292997129227
2024-12-30,342298.1410297001,-0.011028385927825957
2024-12-31,337669.13308610127,-0.013523321890308627
2025-01-02,339211.8012805163,0.004568579248911497
2025-01-03,344215.3368807107,0.01475047619601142
2025-01-06,349040.3499481746,0.01401742615883499
2025-01-07,339814.66101939906,-0.026431582853229933
2025-01-08,340002.86049311736,0.0005538297645950375
2025-01-10,333025.74278073036,-0.020520761802614952
2025-01-13,332368.61791899643,-0.001973195393986771
2025-01-14,330985.27511721256,-0.004162074056344834
2025-01-15,337885.72085115936,0.020848195532273038
2025-01-16,336074.5526829501,-0.005360298042920598
2025-01-17,343979.9044131871,0.023522613262822394
2025-01-21,348681.30659562926,0.013667665238940164
2025-01-22,353141.8216032563,0.012792526938646387
2025-01-23,353266.2887213233,0.0003524564649463048
2025-01-24,353220.80821637745,-0.00012874283903643348
2025-01-27,328752.3159062331,-0.06927251096474302
2025-01-28,336426.9935939163,0.023344862732076324
2025-01-29,333126.32858780684,-0.009810939873907843
2025-01-30,338500.54681086255,0.016132673288953805
2025-01-31,339173.63692625135,0.0019884461686405573
2025-02-03,335974.9949298558,-0.009430691681650474
2025-02-04,342253.00686863344,0.018685949947222502
2025-02-05,342172.23653729766,-0.00023599597290546726
2025-02-06,345652.7297129456,0.010171757974491769
2025-02-07,339521.7600972611,-0.017737367851184162
2025-02-10,346413.620430879,0.02029872939997599
2025-02-11,345705.7953122005,-0.002043294711674548
2025-02-12,343987.1964287967,-0.004971275884605198
2025-02-13,347686.55576401384,0.010754351829437648
2025-02-14,348626.39218529407,0.002703114071279034
2025-02-18,344463.284780437,-0.011941457956643699
2025-02-19,343784.0996684915,-0.001971719895716606
2025-02-20,341346.83350069297,-0.007089525577677303
2025-02-21,331294.8785079979,-0.029447922189893762
2025-02-24,323168.08669438405,-0.024530387702379343
2025-02-25,317299.8252409482,-0.01815854255121847
2025-02-26,323941.3637256139,0.020931428120460827
2025-02-27,309073.1205483791,-0.04589794586969944
2025-02-28,314673.21274884266,0.018118988123352463
2025-03-03,300796.6611677272,-0.04409829314639202
2025-03-04,301518.20753830345,0.0023987845070325914
2025-03-05,307160.1440610869,0.018711760622504417
2025-03-06,294578.83346407773,-0.04096010123796208
2025-03-07,300678.1167201799,0.02070509677962309
2025-03-10,287610.633421895,-0.043460041059276526
2025-03-11,291040.72917881265,0.011926178514707786
2025-03-12,299151.1711688873,0.027867034325259832
2025-03-13,292330.0986306141,-0.02280142347971048
2025-03-14,300625.07987238833,0.028375392341162133
2025-03-17,297873.36646590056,-0.009153306196728096
2025-03-18,289622.8955840072,-0.027697913981973434
2025-03-19,294937.1744390387,0.018348959754426675
2025-03-20,293726.52079569775,-0.004104784843224808
2025-03-21,295497.10084904835,0.006027988376923378
2025-03-24,302926.9192879726,0.02514345628967676
2025-03-25,304121.6396855278,0.003943922845693071
2025-03-26,292920.18051298906,-0.036832167497588955
2025-03-27,287601.90766753885,-0.018156047958649845
2025-03-28,277994.44264688867,-0.033405428700272195
2025-03-31,276150.2022318649,-0.006634090946077965
2025-04-01,279757.8344393248,0.013064021602384379
2025-04-02,281989.98478357267,0.007978866253098627
2025-04-03,259275.96620393745,-0.08054902587078835
2025-04-04,246323.19416656526,-0.04995747283102978
2025-04-07,253447.06250962283,0.02892081830605178
2025-04-08,250764.93397532514,-0.010582598621342743
2025-04-09,287778.12649371277,0.1476011495372383
2025-04-10,271389.6654824949,-0.05694825110891791
2025-04-11,278479.1866443261,0.02612303290630815
2025-04-14,275889.60236291675,-0.009299022711944249
2025-04-15,274056.7858626852,-0.006643296755419593
2025-04-16,264291.736647068,-0.035631481208824645
2025-04-17,260321.33656958453,-0.01502279309922392
2025-04-21,251972.40192043956,-0.03207164944358405
2025-04-22,258709.6964360982,0.026738223965440344
2025-04-23,268554.75844937126,0.03805447630643712
2025-04-24,278367.62257293914,0.036539528028574526
2025-04-25,285136.8068641918,0.024317426820998113
2025-04-28,283405.7619874408,-0.006070927481401966
2025-04-29,283406.26715501276,1.7824887129865062e-06
2025-04-30,281803.91404705774,-0.0056539085181151584
2025-05-01,289655.4883548051,0.0278618355401417
2025-05-02,296433.26641250495,0.023399446342952015
2025-05-05,294386.7428634346,-0.006903825518093144
2025-05-06,292107.2954699223,-0.007743036834269757
2025-05-07,293168.7673253414,0.0036338423308171614
2025-05-08,296459.6806337029,0.01122532027673131
2025-05-09,295385.8666625186,-0.003622124832924856
2025-05-12,314054.7310973891,0.0632016170773667
2025-05-13,323542.990287552,0.030212119897090564
2025-05-14,328508.1967480883,0.015346357700790915
2025-05-15,324717.65347877686,-0.011538656590106666
2025-05-16,324526.3696223077,-0.0005890774782950856
2025-05-19,325507.13029780256,0.003022129377764671
2025-05-20,323232.8781388309,-0.006986796746636692
2025-05-21,322156.30389604793,-0.003330645845750046
2025-05-22,324509.9963959698,0.007306057561057112
2025-05-23,320692.4890324828,-0.011763912994621272
2025-05-27,329545.06798041856,0.027604572139009596
2025-05-28,329774.2258055572,0.0006953762850799626
2025-05-29,332891.84630239604,0.009453802792571998
2025-05-30,330959.38275700243,-0.005805079237771982
2025-06-02,335755.3598863154,0.01449113510353135
2025-06-03,338212.4529405787,0.007318105227255867
2025-06-04,342313.28321769886,0.012125012670188907
2025-06-05,338153.2921812516,-0.012152584314999017
2025-06-06,339375.32092061493,0.0036138306727122164
2025-06-09,339166.9829629225,-0.000613886587649648
2025-06-10,341752.2036009086,0.00762226504302368
2025-06-11,341539.88094924076,-0.0006212766133784737
2025-06-12,343125.2586358225,0.004641852313631812
2025-06-13,337420.0771174705,-0.016627110289211468
2025-06-16,342003.9905578605,0.013585182836628152
2025-06-17,339738.7181821611,-0.00662352615244184
2025-06-18,339540.99657233356,-0.0005819813852405492
2025-06-20,335044.2745589232,-0.0132435318821726
2025-06-23,338865.95041918196,0.011406480129498766
2025-06-24,345091.8502584576,0.018372751324156746
2025-06-25,348530.9581261973,0.009965775387520725
2025-06-26,352929.6044077893,0.012620532492265158
2025-06-27,356881.20872425195,0.011196579337948598
2025-06-30,358521.42890855356,0.004595983605202814
2025-07-01,351912.68697187584,-0.018433324771678805
2025-07-02,355493.44151929126,0.010175122068564546
2025-07-03,359853.8470037266,0.012265783204888515
2025-07-07,357950.30374669854,-0.005289767701186521
2025-07-08,356055.6424275826,-0.0052930848201115255
2025-07-09,362087.60752016987,0.01694107429799843
2025-07-10,361749.95676631323,-0.0009325112123252713
2025-07-11,362820.81247046887,0.0029602096258090293
2025-07-14,363882.0867525115,0.002925064509988818
2025-07-15,367559.2663277658,0.01010541521313002
2025-07-16,366405.2572499839,-0.0031396544271933505
2025-07-17,368888.59721137345,0.006777577319790763
2025-07-18,369474.1143642027,0.0015872465488374625
2025-07-21,374262.90021174843,0.01296108620704415
2025-07-22,368898.6904562364,-0.014332731757481242
2025-07-23,372661.7685360003,0.010200844234794705
2025-07-24,377446.3163623162,0.012838848066202191
2025-07-25,377642.45631842787,0.0005196499412208454
2025-07-28,380860.1858414852,0.008520571427340263
2025-07-29,379933.4185628528,-0.0024333530074425397
2025-07-30,382402.9301975481,0.006499853695514868
2025-07-31,387658.0960845556,0.013742483312804766
2025-08-01,374031.19499188155,-0.0351518547666337
2025-08-04,380980.86067351757,0.018580444023624288
2025-08-05,379427.6073536719,-0.00407698517216779
2025-08-06,388224.85946115706,0.023185587809073517
2025-08-07,390712.503232535,0.006407739511659892
2025-08-08,397417.2524455023,0.017160313932868855
2025-08-11,395459.8975224139,-0.004925188604782171
2025-08-12,400271.14301250223,0.012166203249004815
2025-08-13,400436.16168177023,0.00041226721473346453
2025-08-14,403325.73705102206,0.007216069990072871
2025-08-15,402936.3541571426,-0.0009654303162661471
2025-08-18,401558.8730228423,-0.003418607231858628
2025-08-19,395001.2996436234,-0.016330291321556344
2025-08-20,390601.9925668808,-0.011137449625385232
2025-08-21,388649.96045792213,-0.004997496546627201
2025-08-22,397505.7405044097,0.022786005268219525
2025-08-25,398565.4459220807,0.0026658870795837957
2025-08-26,400026.59172377613,0.003666012236246497
2025-08-27,399925.2541307195,-0.00025332714162797917
2025-08-28,402882.41551549255,0.00739428519261862
2025-08-29,398305.657960316,-0.011360033049147945
2025-09-02,393676.2133844296,-0.011622844123262845
2025-09-03,404230.0211243127,0.026808344982675283
2025-09-04,410480.6446866314,0.015463036478422246
2025-09-05,408434.73067967774,-0.0049841911754828555
2025-09-08,409405.66890829435,0.002377217596067105
2025-09-09,413629.95027654053,0.010318082256922479
2025-09-10,409756.3800317217,-0.009364820517056581
2025-09-11,411016.1161845472,0.0030743539679062297
2025-09-12,412778.450451885,0.004287749793602802
2025-09-15,419561.8418416571,0.016433492064196024
2025-09-16,421090.07986233954,0.0036424618930413826
2025-09-17,417401.14575795503,-0.008760439347301863
2025-09-18,421113.56907579,0.008894137822965598
2025-09-19,424805.0920826123,0.008766098453972892
2025-09-22,428273.85816263506,0.008165547317281698
2025-09-23,421313.89244782156,-0.016251203715008367
2025-09-24,418804.72646567127,-0.005955573806437187
2025-09-25,418124.34597650985,-0.0016245769117823276
2025-09-26,418204.4706792693,0.00019162888631212298
2025-09-29,419610.65600874374,0.0033624349524300047
2025-09-30,419532.41143302986,-0.00018646946781129044
2025-10-01,420374.2976489441,0.002006725089578998
2025-10-02,422565.3797545905,0.005212217107231987
2025-10-03,420942.6105191779,-0.0038402796659655625
2025-10-06,421443.20253838075,0.001189216787973546
2025-10-07,420268.247391323,-0.002787932371387103
2025-10-08,423548.6737652234,0.007805553701148282
2025-10-09,426257.84138658684,0.006396354868213195
2025-10-10,411977.4735862978,-0.03350171284553016
2025-10-13,419642.36866193125,0.01860513151097778
2025-10-14,416010.79728592554,-0.008653967395106777
2025-10-15,418767.21408939065,0.006625829957895601
2025-10-16,416194.8401953769,-0.006142729916446311
2025-10-17,419485.69941426517,0.007907015899916959
2025-10-20,424940.3507638415,0.013003187849294487
2025-10-21,424711.05577853683,-0.000539593345024714
2025-10-22,422408.77607340534,-0.005420814160138066
2025-10-23,425107.62755802984,0.006389193685113037
2025-10-24,430685.79829656286,0.013121784642105939
2025-10-27,439014.9029131972,0.019339167090202072
2025-10-28,443209.08661687747,0.009553624890291103
2025-10-29,447722.7388882559,0.010184024668429626
2025-10-30,446614.58820460737,-0.002475082428022902
2025-10-31,453846.35858079506,0.01619241862488081
2025-11-03,454043.95590724336,0.0004353837432257584
2025-11-04,448117.31339487695,-0.013053014879416592
2025-11-05,446521.8949975893,-0.0035602694865794374
2025-11-06,438751.55053001596,-0.017401933823682336
2025-11-07,437983.96069628967,-0.0017494863158867167
2025-11-10,446039.5476119598,0.018392424468840683
2025-11-11,443644.8840319117,-0.005368724797764824
2025-11-12,444781.4228779984,0.002561821147936083
2025-11-13,437879.73016571923,-0.015517043557307585
2025-11-14,441571.1778903475,0.00843027770029743
2025-11-17,439701.40034280095,-0.004234374074140557
2025-11-18,433177.9755051672,-0.014836033800547257
2025-11-19,436614.08527505427,0.00793232796722856
2025-11-20,430255.69908276206,-0.014562943355999634
2025-11-21,427326.3256652807,-0.006808447682915841
2025-11-24,437196.0225304903,0.02309639325366646
2025-11-25,438294.311048536,0.002512119190126039
2025-11-26,446403.2893259988,0.018501217271252514
2025-11-28,448178.6770223623,0.003977093670264109
2025-12-01,445246.57034104253,-0.006542271713594985
2025-12-02,447312.61412938725,0.004640223925278519
2025-12-03,444923.8035294339,-0.005340360464912753
2025-12-04,443588.0917358014,-0.003002113582228416
2025-12-05,444164.7561203158,0.0012999996962449023
